season,player_id,player_name,teams,games,potential_assists,potential_assists_per_game,actual_assists,potential_assist_conversion_pct
2025,1628932,A'ja Wilson,LVA,39,0,0.0,120,
2025,1642290,Aaliyah Edwards,CON/WAS,35,0,0.0,19,
2025,1642801,Aaliyah Nye,LVA,43,0,0.0,24,
2025,1630462,Aari McDonald,IND,20,0,0.0,94,
2025,1627672,Aerial Powers,GSV/IND,10,0,0.0,20,
2025,1642828,Ajae Petty,DAL,2,0,0.0,0,
2025,1629501,Alanna Smith,MIN,42,0,0.0,121,
2025,1628297,Alexis Prince,PHX,1,0,0.0,1,
2025,1642293,Alissa Pili,LAS/MIN,19,0,0.0,3,
2025,1641648,Aliyah Boston,IND,42,0,0.0,156,
2025,1628277,Allisha Gray,ATL,42,0,0.0,147,
2025,202252,Alysha Clark,SEA/WAS,42,0,0.0,51,
2025,203826,Alyssa Thomas,PHX,39,0,0.0,357,
2025,1629539,Amy Okonkwo,DAL,8,0,0.0,6,
2025,1642797,Anastasiia Olairi Kosu,MIN,20,0,0.0,5,
2025,1642800,Aneesah Morrow,CON,41,0,0.0,21,
2025,1642291,Angel Reese,CHI,29,0,0.0,108,
2025,1628878,Ariel Atkins,CHI,33,0,0.0,119,
2025,1629481,Arike Ogunbowale,DAL,29,0,0.0,120,
2025,1642793,Aziaha James,DAL,38,0,0.0,59,
2025,1628922,Azura Stevens,LAS,44,0,0.0,94,
2025,1627668,Breanna Stewart,NYL,31,0,0.0,108,
2025,1642788,Bree Hall,GSV/IND,4,0,0.0,0,
2025,203829,Bria Hartley,CON,38,0,0.0,117,
2025,1629488,Brianna Turner,IND,26,0,0.0,17,
2025,1629524,Bridget Carleton,MIN,44,0,0.0,89,
2025,1628280,Brionna Jones,ATL,44,0,0.0,95,
2025,203398,Brittney Griner,ATL,39,0,0.0,33,
2025,1628279,Brittney Sykes,SEA/WAS,38,0,0.0,151,
2025,1642286,Caitlin Clark,IND,12,0,0.0,105,
2025,1642287,Cameron Brink,LAS,19,0,0.0,9,
2025,1642344,Camryn Taylor,MIN,6,0,0.0,1,
2025,1642304,Carla Leite,GSV,37,0,0.0,75,
2025,1628508,Cecilia Zandalasini,GSV,19,0,0.0,32,
2025,203833,Chelsea Gray,LVA,43,0,0.0,236,
2025,204323,Cheyenne Parker-Tyus,LVA,2,0,0.0,0,
2025,1631064,Chloe Bibby,GSV/IND,13,0,0.0,7,
2025,1631090,Christyn Williams,DAL,4,0,0.0,3,
2025,202664,Courtney Vandersloot,CHI,7,0,0.0,37,
2025,1627675,Courtney Williams,MIN,44,0,0.0,271,
2025,204325,Crystal Bradford,LVA,4,0,0.0,1,
2025,203024,Damiris Dantas,IND,37,0,0.0,25,
2025,1630389,Dana Evans,LVA,43,0,0.0,95,
2025,201886,DeWanna Bonner,IND/PHX,32,0,0.0,37,
2025,204324,Dearica Hamby,LAS,44,0,0.0,144,
2025,1630096,DiJonai Carrington,DAL/MIN,31,0,0.0,48,
2025,1641649,Diamond Miller,DAL/MIN,40,0,0.0,31,
2025,1642798,Dominique Malonga,SEA,42,0,0.0,36,
2025,1642295,Elizabeth Kitley,LVA,12,0,0.0,1,
2025,204322,Elizabeth Williams,CHI,42,0,0.0,76,
2025,1631083,Emily Engstler,WAS,39,0,0.0,54,
2025,1628242,Emma Cannon,LAS,21,0,0.0,8,
2025,203416,Emma Meesseman,NYL,17,0,0.0,54,
2025,204365,Erica Wheeler,SEA,44,0,0.0,144,
2025,1629496,Ezi Magbegor,SEA,44,0,0.0,92,
2025,1628931,Gabby Williams,SEA,44,0,0.0,185,
2025,1641658,Grace Berger,DAL/LAS,19,0,0.0,58,
2025,1642817,Hailey Van Lith,CHI,28,0,0.0,44,
2025,1641650,Haley Jones,DAL/PHX,28,0,0.0,64,
2025,203863,Haley Peters,CON,33,0,0.0,25,
2025,1630387,Iliana Rupert,GSV,21,0,0.0,33,
2025,204330,Isabelle Harrison,NYL,34,0,0.0,24,
2025,1642808,JJ Quinerly,DAL,34,0,0.0,78,
2025,1629498,Jackie Young,LVA,43,0,0.0,219,
2025,1642292,Jacy Sheldon,CON/WAS,30,0,0.0,56,
2025,1631141,Jade Melbourne,WAS,42,0,0.0,119,
2025,1642240,Jaelyn Brown,CON,10,0,0.0,1,
2025,1642767,Janelle Salaun,GSV,36,0,0.0,43,
2025,1642320,Jaylyn Sherrod,MIN/NYL,26,0,0.0,12,
2025,1629491,Jessica Shepard,MIN,40,0,0.0,104,
2025,204319,Jewell Loyd,LVA,43,0,0.0,76,
2025,1627673,Jonquel Jones,NYL,31,0,0.0,85,
2025,1628886,Jordin Canada,ATL,28,0,0.0,159,
2025,1630115,Joyner Holmes,LVA,6,0,0.0,0,
2025,1627700,Julie Allemand,LAS,34,0,0.0,170,
2025,1642210,Julie Vanloo,GSV/LAS,35,0,0.0,68,
2025,1627674,Kahleah Copper,PHX,28,0,0.0,43,
2025,1630097,Kaila Charles,DAL/GSV,35,0,0.0,35,
2025,1642822,Kaitlyn Chen,GSV,23,0,0.0,22,
2025,1629480,Kalani Brown,PHX,29,0,0.0,16,
2025,1630154,Kamiah Smalls,ATL,3,0,0.0,0,
2025,1642289,Kamilla Cardoso,CHI,40,0,0.0,98,
2025,1642773,Kariata Diaby,CON,13,0,0.0,5,
2025,1628317,Karlie Samuelson,MIN,16,0,0.0,17,
2025,1642324,Kate Martin,GSV,41,0,0.0,40,
2025,1628957,Kathryn Westbeld,PHX,43,0,0.0,39,
2025,203825,Kayla McBride,MIN,39,0,0.0,137,
2025,203866,Kayla Thornton,GSV,21,0,0.0,32,
2025,1628909,Kelsey Mitchell,IND,42,0,0.0,144,
2025,1628276,Kelsey Plum,LAS,43,0,0.0,247,
2025,1629568,Kennedy Burke,NYL,36,0,0.0,45,
2025,1628915,Kia Nurse,CHI,43,0,0.0,52,
2025,204329,Kiah Stokes,LVA,39,0,0.0,16,
2025,1630461,Kiana Williams,PHX,11,0,0.0,10,
2025,1631006,Kierstan Bell,LVA,35,0,0.0,23,
2025,1642792,Kiki Iriafen,WAS,43,0,0.0,68,
2025,1629490,Kitija Laksa,PHX,33,0,0.0,21,
2025,1642768,Kyara Linskens,GSV,4,0,0.0,1,
2025,1641656,Laeticia Amihere,GSV,28,0,0.0,24,
2025,1642303,Leila Lacan,CON,25,0,0.0,92,
2025,1630142,Leonie Fiebich,NYL,37,0,0.0,64,
2025,1631118,Lexi Held,PHX,32,0,0.0,35,
2025,1628882,Lexie Brown,SEA,24,0,0.0,23,
2025,1631086,Lexie Hull,IND,42,0,0.0,74,
2025,1629574,Li Yueru,DAL/SEA,31,0,0.0,29,
2025,1642820,Liatu King,DAL/LAS,14,0,0.0,4,
2025,1628263,Lindsay Allen,CON,31,0,0.0,61,
2025,1642802,Lucy Olsen,WAS,40,0,0.0,48,
2025,1630143,Luisa Geiselsoder,DAL,28,0,0.0,44,
2025,1642307,Mackenzie Holmes,SEA,10,0,0.0,2,
2025,1641652,Maddy Siegrist,DAL,26,0,0.0,21,
2025,1642818,Maddy Westbeld,CHI,26,0,0.0,23,
2025,1642810,Madison Scott,WAS,9,0,0.0,2,
2025,1642815,Makayla Timpson,IND,30,0,0.0,1,
2025,1642841,Mamignan Toure,CON,18,0,0.0,9,
2025,1628926,Maria Kliundikova,MIN,34,0,0.0,19,
2025,1629497,Marina Mabrey,CON,35,0,0.0,141,
2025,1629546,Marine Johannes,NYL,44,0,0.0,70,
2025,1642763,Marième Badiane,MIN,3,0,0.0,0,
2025,1642301,Marquesha Davis,CHI/NYL,11,0,0.0,1,
2025,1630471,Maya Caldwell,ATL,41,0,0.0,74,
2025,1629484,Megan DiLeo,LVA,20,0,0.0,5,
2025,1642799,Megan McConnell,PHX,1,0,0.0,3,
2025,1628920,Mercedes Russell,LAS,20,0,0.0,12,
2025,1630446,Michaela Onyenwere,CHI,41,0,0.0,46,
2025,1642777,Monique Akoa Makani,PHX,41,0,0.0,111,
2025,1628881,Monique Billings,GSV,25,0,0.0,14,
2025,1627669,Moriah Jefferson,CHI,5,0,0.0,9,
2025,1642774,Murjanatu Musa,PHX,12,0,0.0,7,
2025,1628899,Myisha Hines-Allen,DAL,40,0,0.0,116,
2025,1631019,NaLyssa Smith,DAL/LVA,45,0,0.0,33,
2025,1629483,Napheesa Collier,MIN,33,0,0.0,105,
2025,204333,Natasha Cloud,NYL,41,0,0.0,211,
2025,203827,Natasha Howard,IND,42,0,0.0,65,
2025,1630442,Natasha Mack,PHX,34,0,0.0,30,
2025,1629567,Natisha Hiedeman,MIN,44,0,0.0,123,
2025,1631044,Naz Hillmon,ATL,44,0,0.0,105,
2025,1628269,Nia Coffey,ATL,44,0,0.0,46,
2025,203014,Nneka Ogwumike,SEA,44,0,0.0,99,
2025,1631055,Nyara Sabally,NYL,17,0,0.0,13,
2025,203824,Odyssey Sims,IND/LAS,24,0,0.0,90,
2025,1631135,Olivia Nelson-Ododa,CON,37,0,0.0,34,
2025,1642784,Paige Bueckers,DAL,36,0,0.0,194,
2025,1627671,Rachel Banham,CHI,43,0,0.0,118,
2025,1630996,Rae Burrell,LAS,28,0,0.0,34,
2025,1642796,Rayah Marshall,CON,15,0,0.0,4,
2025,204296,Rebecca Allen,CHI,43,0,0.0,56,
2025,203822,Rebekah Gardner,NYL,41,0,0.0,25,
2025,1631009,Rhyne Howard,ATL,33,0,0.0,153,
2025,1642288,Rickea Jackson,LAS,38,0,0.0,64,
2025,1641641,Robyn Parks,CON,6,0,0.0,2,
2025,1629477,Sabrina Ionescu,NYL,38,0,0.0,216,
2025,1628244,Sami Whitcomb,PHX,43,0,0.0,108,
2025,1642790,Sania Feagin,LAS,16,0,0.0,4,
2025,1642809,Saniya Rivers,CON,42,0,0.0,113,
2025,1642782,Sarah Ashlee Barker,LAS,34,0,0.0,31,
2025,1630149,Satou Sabally,PHX,39,0,0.0,98,
2025,1642813,Serena Sundell,DAL,3,0,0.0,0,
2025,1642244,Sevgi Uzun,CHI/PHX,25,0,0.0,63,
2025,1631022,Shakira Austin,WAS,37,0,0.0,68,
2025,1628278,Shatori Walker-Kimbrough,ATL,41,0,0.0,22,
2025,203035,Shey Peddy,IND/LAS,15,0,0.0,31,
2025,1631021,Sika Kone,ATL/WAS,19,0,0.0,6,
2025,203400,Skylar Diggins,SEA,43,0,0.0,258,
2025,1642785,Sonia Citron,WAS,43,0,0.0,103,
2025,1629482,Sophie Cunningham,IND,28,0,0.0,35,
2025,203828,Stefanie Dolson,WAS,42,0,0.0,58,
2025,203855,Stephanie Talbot,GSV/NYL,37,0,0.0,64,
2025,1630134,Sug Sutton,WAS,42,0,0.0,164,
2025,202641,Sydney Colson,IND,28,0,0.0,53,
2025,1642814,Taylor Thierry,ATL,16,0,0.0,2,
2025,1642804,Te-Hina Paopao,ATL,43,0,0.0,105,
2025,1629479,Teaira McCowan,DAL,17,0,0.0,10,
2025,1627701,Temi Fagbenle,GSV,39,0,0.0,61,
2025,203026,Tiffany Hayes,GSV,25,0,0.0,73,
2025,1627676,Tiffany Mitchell,LVA/SEA,38,0,0.0,12,
2025,202250,Tina Charles,CON,43,0,0.0,74,
2025,1630112,Tyasha Harris,DAL,5,0,0.0,13,
2025,1631007,Veronica Burton,GSV,43,0,0.0,261,
2025,1628304,Yvonne Anderson,MIN,1,0,0.0,2,
2025,1641660,Zia Cooke,SEA,26,0,0.0,14,
2026,1628932,A'ja Wilson,LVA,27,0,0.0,86,
2026,1642290,Aaliyah Edwards,CON,20,0,0.0,18,
2026,1642801,Aaliyah Nye,ATL,12,0,0.0,2,
2026,1642786,Aicha Coulibaly,CHI,18,0,0.0,9,
2026,1629501,Alanna Smith,DAL,22,0,0.0,22,
2026,1643525,Alex Fowler,NYL,2,0,0.0,1,
2026,1642775,Alex Wilson,WAS,4,0,0.0,3,
2026,1643644,Alicia Florez,WAS,18,0,0.0,48,
2026,1642293,Alissa Pili,LAS,3,0,0.0,2,
2026,1641648,Aliyah Boston,IND,27,0,0.0,82,
2026,1628277,Allisha Gray,ATL,28,0,0.0,63,
2026,202252,Alysha Clark,DAL,20,0,0.0,10,
2026,203826,Alyssa Thomas,PHX,28,0,0.0,232,
2026,1629539,Amy Okonkwo,ATL,1,0,0.0,0,
2026,1642797,Anastasiia Olairi Kosu,MIN,26,0,0.0,18,
2026,1642800,Aneesah Morrow,CON,20,0,0.0,33,
2026,1642291,Angel Reese,ATL,27,0,0.0,66,
2026,1643455,Angela Dugalic,WAS,25,0,0.0,20,
2026,1630993,Anneli Maley,NYL/PHX,5,0,0.0,0,
2026,1643489,Antonia Delaere,MIN,30,0,0.0,37,
2026,1628878,Ariel Atkins,LAS,26,0,0.0,74,
2026,1629481,Arike Ogunbowale,DAL,30,0,0.0,92,
2026,1643437,Ashlon Jackson,CON,7,0,0.0,6,
2026,1641695,Ashten Prechtel,GSV,1,0,0.0,0,
2026,1642826,Aubrey Griffin,NYL,3,0,0.0,0,
2026,1643443,Awa Fam,SEA,24,0,0.0,47,
2026,1630386,Awak Kuier,DAL,27,0,0.0,24,
2026,1642793,Aziaha James,DAL,30,0,0.0,37,
2026,1628922,Azura Stevens,CHI,22,0,0.0,55,
2026,1643425,Azzi Fudd,DAL,29,0,0.0,52,
2026,204335,Betnijah Laney-Hamilton,NYL,17,0,0.0,26,
2026,1627668,Breanna Stewart,NYL,29,0,0.0,88,
2026,1642788,Bree Hall,IND,2,0,0.0,0,
2026,1629488,Brianna Turner,LVA,26,0,0.0,6,
2026,1629524,Bridget Carleton,PDX,29,0,0.0,62,
2026,1628280,Brionna Jones,ATL,4,0,0.0,6,
2026,203398,Brittney Griner,CON,16,0,0.0,41,
2026,1628279,Brittney Sykes,TOR,15,0,0.0,52,
2026,1642286,Caitlin Clark,IND,26,0,0.0,209,
2026,1642287,Cameron Brink,LAS,20,0,0.0,23,
2026,1642304,Carla Leite,PDX,28,0,0.0,174,
2026,1643467,Cassandre Prosper,WAS,23,0,0.0,11,
2026,1628508,Cecilia Zandalasini,GSV,24,0,0.0,40,
2026,1643462,Chance Gray,LAS,25,0,0.0,21,
2026,1643449,Charlisse Leger-Walker,CON,30,0,0.0,101,
2026,203833,Chelsea Gray,LVA,29,0,0.0,209,
2026,1630150,Chennedy Carter,LVA,13,0,0.0,17,
2026,204323,Cheyenne Parker-Tyus,LVA,23,0,0.0,14,
2026,1631064,Chloe Bibby,CHI,4,0,0.0,6,
2026,1643424,Costanza Verona,DAL,1,0,0.0,2,
2026,1643430,Cotie McMahon,WAS,25,0,0.0,50,
2026,202664,Courtney Vandersloot,CHI,12,0,0.0,54,
2026,1627675,Courtney Williams,MIN,30,0,0.0,124,
2026,203024,Damiris Dantas,IND,12,0,0.0,4,
2026,1630389,Dana Evans,LVA,6,0,0.0,12,
2026,201886,DeWanna Bonner,PHX,30,0,0.0,44,
2026,204324,Dearica Hamby,LAS,28,0,0.0,70,
2026,1630096,DiJonai Carrington,CHI,2,0,0.0,0,
2026,1641649,Diamond Miller,CON,30,0,0.0,41,
2026,1642798,Dominique Malonga,SEA,21,0,0.0,34,
2026,1641657,Dorka Juhasz,MIN,9,0,0.0,18,
2026,1643490,Eliska Joklova,MIN,15,0,0.0,19,
2026,204322,Elizabeth Williams,CHI,29,0,0.0,41,
2026,1629581,Emese Hof,MIN,3,0,0.0,2,
2026,1631083,Emily Engstler,PDX,30,0,0.0,62,
2026,1628242,Emma Cannon,LAS,11,0,0.0,5,
2026,1643488,Emma Cechova,MIN,3,0,0.0,0,
2026,204365,Erica Wheeler,LAS,28,0,0.0,150,
2026,1629496,Ezi Magbegor,SEA,5,0,0.0,5,
2026,1643428,Flau'jae Johnson,SEA,30,0,0.0,89,
2026,1643494,Frieda Buhner,PDX,27,0,0.0,20,
2026,1628931,Gabby Williams,GSV,26,0,0.0,59,
2026,1643447,Gabriela Jaquez,CHI,25,0,0.0,25,
2026,1642781,Georgia Amoore,WAS,27,0,0.0,100,
2026,1643429,Gianna Kneepkens,CON,23,0,0.0,10,
2026,1643453,Grace VanSlooten,IND/SEA,15,0,0.0,4,
2026,1642817,Hailey Van Lith,CON,12,0,0.0,23,
2026,1641650,Haley Jones,PDX,5,0,0.0,5,
2026,1641683,Holly Winterburn,PDX,17,0,0.0,28,
2026,1643469,Indya Nivar,ATL,20,0,0.0,7,
2026,204330,Isabelle Harrison,TOR,17,0,0.0,26,
2026,1642302,Isobel Borlase,ATL,28,0,0.0,26,
2026,1642808,JJ Quinerly,DAL,2,0,0.0,2,
2026,1629498,Jackie Young,LVA,29,0,0.0,193,
2026,1642292,Jacy Sheldon,CHI,29,0,0.0,48,
2026,1631141,Jade Melbourne,SEA,29,0,0.0,117,
2026,1642767,Janelle Salaun,GSV,28,0,0.0,34,
2026,1642320,Jaylyn Sherrod,ATL,4,0,0.0,6,
2026,1629491,Jessica Shepard,DAL,30,0,0.0,162,
2026,204319,Jewell Loyd,LVA,27,0,0.0,38,
2026,1630148,Jihyun Park,LAS,23,0,0.0,13,
2026,1627673,Jonquel Jones,NYL,29,0,0.0,81,
2026,1643527,Jordan Harrison,PDX,4,0,0.0,13,
2026,1641651,Jordan Horston,SEA,25,0,0.0,35,
2026,1628886,Jordin Canada,ATL,28,0,0.0,216,
2026,1643505,Jovana Nogic,PHX,16,0,0.0,26,
2026,1630115,Joyner Holmes,SEA,1,0,0.0,1,
2026,1627700,Julie Allemand,TOR,23,0,0.0,127,
2026,1642210,Julie Vanloo,NYL,5,0,0.0,27,
2026,1642794,Juste Jocyte,GSV,9,0,0.0,7,
2026,1643495,Justine Pissott,LVA,4,0,0.0,3,
2026,1627674,Kahleah Copper,PHX,29,0,0.0,52,
2026,1630097,Kaila Charles,GSV,28,0,0.0,36,
2026,1642822,Kaitlyn Chen,GSV,28,0,0.0,54,
2026,1630154,Kamiah Smalls,PDX,2,0,0.0,6,
2026,1642289,Kamilla Cardoso,CHI,28,0,0.0,70,
2026,1628317,Karlie Samuelson,PDX,18,0,0.0,17,
2026,1642324,Kate Martin,LAS,15,0,0.0,5,
2026,1629478,Katie Lou Samuelson,SEA,24,0,0.0,19,
2026,203405,Kayla Alexander,TOR,4,0,0.0,2,
2026,203825,Kayla McBride,MIN,30,0,0.0,67,
2026,203866,Kayla Thornton,GSV,28,0,0.0,19,
2026,1628909,Kelsey Mitchell,IND,30,0,0.0,81,
2026,1628276,Kelsey Plum,LAS,12,0,0.0,77,
2026,1629568,Kennedy Burke,CON,29,0,0.0,45,
2026,1628915,Kia Nurse,TOR,29,0,0.0,25,
2026,204329,Kiah Stokes,GSV,28,0,0.0,31,
2026,1630461,Kiana Williams,LAS/PHX,18,0,0.0,22,
2026,1631006,Kierstan Bell,LVA,20,0,0.0,16,
2026,1642792,Kiki Iriafen,WAS,24,0,0.0,38,
2026,1643445,Kiki Rice,TOR,13,0,0.0,35,
2026,1642768,Kyara Linskens,PHX,16,0,0.0,9,
2026,1641656,Laeticia Amihere,GSV,24,0,0.0,29,
2026,1643420,Laura Juskaite,TOR,29,0,0.0,48,
2026,1643461,Laura Ziegler,LAS,3,0,0.0,3,
2026,1643427,Lauren Betts,WAS,27,0,0.0,22,
2026,1642303,Leila Lacan,CON,21,0,0.0,93,
2026,1630142,Leonie Fiebich,NYL,14,0,0.0,26,
2026,1631118,Lexi Held,PHX/TOR,29,0,0.0,42,
2026,1628882,Lexie Brown,SEA,10,0,0.0,11,
2026,1631086,Lexie Hull,IND,30,0,0.0,23,
2026,1629574,Li Yueru,DAL,22,0,0.0,12,
2026,1642820,Liatu King,MIN,8,0,0.0,0,
2026,1642802,Lucy Olsen,WAS,15,0,0.0,15,
2026,1630143,Luisa Geiselsoder,PDX,21,0,0.0,27,
2026,1642307,Mackenzie Holmes,SEA,21,0,0.0,10,
2026,1641652,Maddy Siegrist,DAL,28,0,0.0,22,
2026,1642818,Maddy Westbeld,CHI,3,0,0.0,2,
2026,1643431,Madina Okot,ATL,27,0,0.0,6,
2026,1642769,Mai Yamamoto,LVA,1,0,0.0,0,
2026,1642815,Makayla Timpson,IND,29,0,0.0,13,
2026,1629576,Maria Conde,TOR,29,0,0.0,73,
2026,1630108,Mariella Fasoula,TOR,3,0,0.0,1,
2026,1629497,Marina Mabrey,TOR,27,0,0.0,101,
2026,1630469,Marine Fauthoux,NYL,9,0,0.0,13,
2026,1629546,Marine Johannes,NYL,27,0,0.0,70,
2026,1643438,Marta Suarez,PHX,11,0,0.0,3,
2026,1630471,Maya Caldwell,MIN,30,0,0.0,34,
2026,1629484,Megan DiLeo,PDX,28,0,0.0,28,
2026,1630446,Michaela Onyenwere,WAS,23,0,0.0,42,
2026,1631039,Miela Sowah,GSV,2,0,0.0,0,
2026,1642777,Monique Akoa Makani,PHX,19,0,0.0,48,
2026,1628881,Monique Billings,IND,29,0,0.0,34,
2026,1628899,Myisha Hines-Allen,IND,27,0,0.0,43,
2026,1631019,NaLyssa Smith,LVA,28,0,0.0,23,
2026,1643686,Nadia Fingall,GSV,4,0,0.0,0,
2026,1629483,Napheesa Collier,MIN,4,0,0.0,13,
2026,204333,Natasha Cloud,CHI,28,0,0.0,129,
2026,203827,Natasha Howard,MIN,30,0,0.0,99,
2026,1630442,Natasha Mack,PHX,22,0,0.0,31,
2026,1629567,Natisha Hiedeman,SEA,30,0,0.0,137,
2026,1631044,Naz Hillmon,ATL,27,0,0.0,39,
2026,1643479,Ndjakalenga Mwenentanda,GSV,5,0,0.0,2,
2026,1643448,Nell Angloma,CON,26,0,0.0,15,
2026,1628269,Nia Coffey,MIN,30,0,0.0,60,
2026,1631263,Nikolina Milic,TOR,7,0,0.0,3,
2026,203014,Nneka Ogwumike,LAS,27,0,0.0,81,
2026,1643493,Noemie Brochant,PHX,29,0,0.0,50,
2026,1642296,Nyadiew Puoch,PDX,29,0,0.0,19,
2026,1631055,Nyara Sabally,TOR,20,0,0.0,33,
2026,203824,Odyssey Sims,DAL,21,0,0.0,42,
2026,1643426,Olivia Miles,MIN,28,0,0.0,163,
2026,1631135,Olivia Nelson-Ododa,CON,26,0,0.0,50,
2026,1643706,Ornella Bankole,TOR,2,0,0.0,0,
2026,1642784,Paige Bueckers,DAL,28,0,0.0,166,
2026,1631136,Pauline Astier,NYL,30,0,0.0,106,
2026,1630138,Peyton Williams,PHX,1,0,0.0,2,
2026,1643487,Quionche Carter,PHX,12,0,0.0,7,
2026,1627671,Rachel Banham,CHI,25,0,0.0,27,
2026,1630996,Rae Burrell,LAS,28,0,0.0,64,
2026,1643441,Raegan Beers,CON,25,0,0.0,20,
2026,1630384,Raquel Carrera,NYL,17,0,0.0,5,
2026,1643433,Raven Johnson,IND,28,0,0.0,40,
2026,1642796,Rayah Marshall,CON,1,0,0.0,0,
2026,204296,Rebecca Allen,NYL,15,0,0.0,9,
2026,203822,Rebekah Gardner,NYL,28,0,0.0,36,
2026,1631009,Rhyne Howard,ATL,27,0,0.0,94,
2026,1642288,Rickea Jackson,CHI,4,0,0.0,8,
2026,1643450,Rori Harmon,WAS,10,0,0.0,11,
2026,1629477,Sabrina Ionescu,NYL,18,0,0.0,82,
2026,1628244,Sami Whitcomb,PHX,7,0,0.0,10,
2026,1642790,Sania Feagin,LAS,3,0,0.0,2,
2026,1642809,Saniya Rivers,CON,26,0,0.0,81,
2026,1642782,Sarah Ashlee Barker,PDX,26,0,0.0,62,
2026,1630149,Satou Sabally,NYL,13,0,0.0,25,
2026,1643458,Saylor Poffenbarger,CHI,5,0,0.0,1,
2026,1643436,Serah Williams,PDX,26,0,0.0,13,
2026,1631022,Shakira Austin,WAS,26,0,0.0,70,
2026,1628278,Shatori Walker-Kimbrough,ATL/IND,4,0,0.0,0,
2026,1643470,Shay Ciezki,PHX,2,0,0.0,1,
2026,1631021,Sika Kone,ATL,24,0,0.0,6,
2026,203400,Skylar Diggins,CHI,19,0,0.0,93,
2026,1642785,Sonia Citron,WAS,25,0,0.0,95,
2026,1629482,Sophie Cunningham,IND,29,0,0.0,40,
2026,203828,Stefanie Dolson,SEA,30,0,0.0,36,
2026,203855,Stephanie Talbot,LVA,29,0,0.0,35,
2026,1630134,Sug Sutton,DAL/PDX,17,0,0.0,40,
2026,1642321,Sydney Taylor,CHI,27,0,0.0,44,
2026,1643444,Ta'Niya Latson,LAS/LVA,11,0,0.0,3,
2026,1643473,Taina Mair,SEA,3,0,0.0,3,
2026,1642814,Taylor Thierry,SEA,8,0,0.0,0,
2026,1642804,Te-Hina Paopao,ATL,24,0,0.0,38,
2026,1629479,Teaira McCowan,MIN,9,0,0.0,2,
2026,1643506,Teja Oblak,PDX,24,0,0.0,66,
2026,1627701,Temi Fagbenle,TOR,13,0,0.0,15,
2026,1643457,Teonni Key,TOR,27,0,0.0,10,
2026,203026,Tiffany Hayes,GSV,26,0,0.0,62,
2026,1643647,Tima Pouye,TOR,19,0,0.0,22,
2026,1630112,Tyasha Harris,IND,25,0,0.0,57,
2026,204468,Valeriane Ayayi,PHX,24,0,0.0,33,
2026,1631007,Veronica Burton,GSV,28,0,0.0,157,
2026,1629566,Xu Han,NYL,30,0,0.0,22,
2026,1641660,Zia Cooke,SEA,30,0,0.0,28,
