rank_all,player_id,player_name,pbp_fga_global,successful_games,failed_games,attempts,makes,expected_makes,fg_pct,xfg_pct,fg_minus_xfg_pp
1,1630551,Justin Champagnie,462,12,6,14,12,8.839,85.71428571428571,63.13571428571429,22.578571428571415
2,1628379,Luke Kennard,443,40,15,66,45,31.504,68.18181818181819,47.733333333333334,20.448484848484853
3,1629130,Duncan Robinson,698,21,8,25,17,12.424999999999999,68.0,49.7,18.299999999999997
4,203083,Andre Drummond,337,21,9,29,21,15.969,72.41379310344827,55.065517241379304,17.348275862068967
5,1641772,Nae'Qwan Tomlin,314,10,4,9,7,5.483,77.77777777777777,60.92222222222222,16.855555555555554
6,1629640,Keldon Johnson,797,26,8,40,27,20.362000000000002,67.5,50.90500000000001,16.59499999999999
7,203999,Nikola Jokić,1132,42,17,182,111,81.564,60.989010989010985,44.815384615384616,16.17362637362637
8,1630643,Jay Huff,611,14,7,18,12,9.115,66.66666666666667,50.638888888888886,16.027777777777786
9,1631248,Baylor Scheierman,333,21,10,30,18,13.629999999999999,60.0,45.43333333333333,14.56666666666667
10,201939,Stephen Curry,799,30,7,94,48,35.038,51.06382978723404,37.27446808510638,13.789361702127664
11,1642285,Cam Spencer,556,39,19,105,59,44.796,56.19047619047619,42.66285714285715,13.52761904761904
12,1628978,Donte DiVincenzo,835,26,9,31,18,13.886000000000001,58.064516129032256,44.79354838709678,13.270967741935479
13,1630245,Ayo Dosunmu,747,25,13,49,28,21.651,57.142857142857146,44.18571428571428,12.957142857142863
14,1628378,Donovan Mitchell,1403,50,19,219,118,89.836,53.881278538812786,41.021004566210046,12.86027397260274
15,1641707,Taylor Hendricks,355,12,9,13,8,6.355,61.53846153846154,48.88461538461539,12.653846153846153
16,1629639,Tyler Herro,515,19,14,85,46,35.449,54.11764705882353,41.70470588235294,12.41294117647059
17,1628983,Shai Gilgeous-Alexander,1321,51,17,378,218,172.335,57.67195767195767,45.59126984126984,12.080687830687829
18,1642844,Dylan Harper,656,41,19,74,43,34.081,58.108108108108105,46.05540540540541,12.052702702702696
19,1629060,Rui Hachimura,597,41,20,126,71,55.846000000000004,56.34920634920635,44.32222222222222,12.026984126984125
20,1631126,Caleb Love,490,20,13,35,18,13.951,51.42857142857143,39.86000000000001,11.568571428571424
21,203114,Khris Middleton,540,36,24,139,73,57.239,52.51798561151079,41.17913669064748,11.338848920863306
22,1629636,Darius Garland,672,30,13,100,53,41.695,53.0,41.695,11.305
23,1629029,Luka Dončić,1457,41,23,297,149,116.802,50.168350168350166,39.32727272727273,10.841077441077438
24,1631128,Christian Braun,389,13,6,21,11,8.791,52.38095238095238,41.86190476190476,10.519047619047619
25,1630557,Corey Kispert,394,13,5,15,8,6.4670000000000005,53.333333333333336,43.11333333333334,10.219999999999999
26,1630200,Tre Jones,617,32,8,59,34,28.08,57.6271186440678,47.59322033898305,10.033898305084747
27,1630538,Bones Hyland,468,17,15,20,10,8.102,50.0,40.510000000000005,9.489999999999995
28,1630696,Dru Smith,325,21,8,30,16,13.181000000000001,53.333333333333336,43.936666666666675,9.396666666666661
29,1631119,Jaylin Williams,352,19,4,23,12,9.847,52.17391304347826,42.813043478260866,9.360869565217392
30,201142,Kevin Durant,1376,57,21,484,255,210.35999999999999,52.68595041322314,43.46280991735537,9.223140495867767
31,1630198,Isaiah Joe,543,23,11,35,19,15.812999999999999,54.285714285714285,45.18,9.105714285714285
32,1628973,Jalen Brunson,1475,51,23,363,187,153.969,51.515151515151516,42.41570247933884,9.099449035812675
33,203935,Marcus Smart,476,32,15,47,23,18.748,48.93617021276596,39.889361702127665,9.046808510638293
34,1626171,Bobby Portis,750,48,18,188,96,79.051,51.06382978723404,42.04840425531915,9.015425531914893
35,1629655,Daniel Gafford,316,12,8,11,7,6.018,63.63636363636363,54.709090909090904,8.92727272727273
36,1629018,Gary Trent Jr.,473,32,12,61,31,25.57,50.81967213114754,41.91803278688525,8.901639344262293
37,1628975,Jevon Carter,307,23,12,35,17,13.928,48.57142857142857,39.79428571428572,8.777142857142849
38,1642349,Ajay Mitchell,590,34,13,82,43,35.939,52.4390243902439,43.828048780487805,8.610975609756096
39,203501,Tim Hardaway Jr.,778,42,20,69,36,30.128,52.17391304347826,43.663768115942034,8.510144927536224
40,1631172,Ousmane Dieng,398,29,15,69,36,30.179000000000002,52.17391304347826,43.73768115942029,8.436231884057968
41,1631170,Jaime Jaquez Jr.,915,48,22,120,64,54.386,53.333333333333336,45.32166666666667,8.011666666666663
42,1630249,Vít Krejčí,430,18,9,23,13,11.171,56.52173913043478,48.5695652173913,7.952173913043481
43,204001,Kristaps Porziņģis,388,24,7,86,42,35.245,48.83720930232558,40.98255813953488,7.854651162790702
44,1627750,Jamal Murray,1360,49,24,246,122,102.768,49.59349593495935,41.77560975609756,7.817886178861791
45,1642272,Jared McCain,480,36,13,71,37,31.494999999999997,52.11267605633803,44.35915492957746,7.753521126760575
46,203954,Joel Embiid,697,25,13,206,104,88.107,50.48543689320388,42.77038834951457,7.7150485436893135
47,1628991,Jaren Jackson Jr.,719,38,10,150,75,63.608000000000004,50.0,42.40533333333333,7.594666666666669
48,1641739,Toumani Camara,891,22,15,26,15,13.05,57.69230769230769,50.19230769230769,7.5
49,1628415,Dillon Brooks,959,35,21,223,111,94.79400000000001,49.775784753363226,42.508520179372205,7.267264573991021
50,1631124,Julian Strawther,319,23,11,41,20,17.058,48.78048780487805,41.604878048780485,7.175609756097565
51,202695,Kawhi Leonard,1258,44,21,326,164,141.518,50.306748466257666,43.410429447852756,6.89631901840491
52,1641757,Jordan Miller,399,23,12,37,19,16.494,51.351351351351354,44.57837837837838,6.772972972972973
53,1642263,Reed Sheppard,946,55,20,139,69,59.604,49.64028776978417,42.88057553956834,6.759712230215833
54,1627826,Ivica Zubac,482,30,10,66,37,32.547,56.06060606060606,49.31363636363636,6.7469696969697
55,1628381,John Collins,659,37,14,75,40,34.994,53.333333333333336,46.65866666666667,6.674666666666667
56,1630230,Naji Marshall,821,38,27,113,57,49.522,50.442477876106196,43.82477876106194,6.617699115044253
57,1630193,Immanuel Quickley,905,48,21,153,77,67.007,50.326797385620914,43.79542483660131,6.531372549019601
58,1630700,Dyson Daniels,777,52,12,89,51,45.212,57.30337078651685,50.80000000000001,6.5033707865168395
59,1629631,De'Andre Hunter,501,35,9,109,58,51.07,53.211009174311926,46.85321100917431,6.357798165137616
60,1628989,Kevin Huerter,596,33,9,46,24,21.082,52.17391304347826,45.8304347826087,6.34347826086956
61,1630595,Cade Cunningham,1189,49,13,217,107,93.345,49.30875576036866,43.016129032258064,6.292626728110598
62,202699,Tobias Harris,659,44,15,135,71,62.544,52.592592592592595,46.32888888888888,6.263703703703712
63,201942,DeMar DeRozan,1005,54,23,438,212,184.728,48.401826484018265,42.175342465753424,6.226484018264841
64,1631099,Keegan Murray,300,12,11,62,30,26.165999999999997,48.38709677419355,42.203225806451606,6.183870967741946
65,1628963,Marvin Bagley III,411,13,15,15,11,10.078,73.33333333333333,67.18666666666667,6.146666666666661
66,1627742,Brandon Ingram,1288,55,22,433,212,185.623,48.96073903002309,42.86905311778291,6.09168591224018
67,1630314,Brandon Williams,617,33,23,67,34,29.927,50.74626865671642,44.667164179104475,6.079104477611942
68,1642366,Quinten Post,439,21,10,23,13,11.654,56.52173913043478,50.66956521739131,5.8521739130434725
69,202696,Nikola Vučević,799,48,9,153,80,71.173,52.287581699346404,46.51830065359477,5.769281045751633
70,1630202,Payton Pritchard,1091,52,22,232,119,105.93400000000001,51.293103448275865,45.66120689655173,5.631896551724132
71,1630178,Tyrese Maxey,1501,46,22,202,92,80.792,45.54455445544554,39.9960396039604,5.548514851485145
72,1626164,Devin Booker,1198,43,21,319,152,134.34199999999998,47.64890282131662,42.113479623824446,5.535423197492172
73,1641730,Noah Clowney,631,28,9,37,17,14.959,45.945945945945944,40.42972972972973,5.516216216216215
74,204456,T.J. McConnell,450,39,15,175,90,80.42,51.42857142857143,45.95428571428572,5.474285714285713
75,203468,CJ McCollum,1154,58,17,243,114,100.84800000000001,46.91358024691358,41.501234567901236,5.412345679012347
76,1630170,Devin Vassell,755,48,17,168,83,74.142,49.404761904761905,44.13214285714285,5.272619047619052
77,1641729,Brice Sensabaugh,857,39,23,103,51,45.791,49.51456310679612,44.457281553398055,5.057281553398063
78,1629004,Svi Mykhailiuk,362,18,3,25,13,11.743,52.0,46.972,5.027999999999999
79,1628368,De'Aaron Fox,1047,53,18,227,114,102.798,50.220264317180614,45.285462555066076,4.934801762114539
80,1630702,Jaden Hardy,429,26,11,46,21,18.856,45.65217391304348,40.99130434782609,4.660869565217389
81,1629028,Deandre Ayton,601,42,17,110,60,54.893,54.54545454545455,49.902727272727276,4.642727272727271
82,1642345,Oso Ighodaro,366,28,17,44,25,23.024,56.81818181818182,52.32727272727273,4.490909090909092
83,1626181,Norman Powell,895,40,14,98,44,39.68,44.89795918367347,40.48979591836735,4.408163265306122
84,1630560,Cam Thomas,460,28,13,114,52,47.024,45.6140350877193,41.24912280701754,4.364912280701759
85,1630173,Precious Achiuwa,598,29,18,61,33,30.376,54.09836065573771,49.79672131147541,4.301639344262298
86,2544,LeBron James,919,36,23,140,61,55.016000000000005,43.57142857142857,39.29714285714286,4.2742857142857105
87,1629023,P.J. Washington,658,26,19,55,28,25.708000000000002,50.90909090909091,46.74181818181818,4.167272727272724
88,1630166,Deni Avdija,1065,35,21,81,39,35.635000000000005,48.148148148148145,43.99382716049383,4.154320987654316
89,202685,Jonas Valančiūnas,390,45,9,108,57,52.516,52.77777777777778,48.62592592592592,4.151851851851859
90,1630573,Sam Hauser,601,29,11,37,19,17.472,51.351351351351354,47.22162162162162,4.129729729729732
91,201950,Jrue Holiday,709,32,17,81,38,34.672,46.91358024691358,42.80493827160494,4.108641975308643
92,1642875,Maxime Raynaud,671,36,27,113,60,55.631,53.097345132743364,49.230973451327436,3.8663716814159272
93,1630194,Paul Reed,339,24,9,38,21,19.552999999999997,55.26315789473684,51.45526315789473,3.8078947368421154
94,1629661,Cameron Johnson,475,29,12,51,24,22.067,47.05882352941177,43.26862745098039,3.7901960784313786
95,1642848,Tre Johnson,647,39,19,119,56,51.616,47.05882352941177,43.37478991596639,3.6840336134453793
96,1630596,Evan Mobley,859,41,15,116,57,52.833999999999996,49.13793103448276,45.54655172413793,3.591379310344834
97,1630162,Anthony Edwards,1231,42,19,198,91,84.23599999999999,45.95959595959596,42.543434343434335,3.4161616161616237
98,1630559,Austin Reaves,762,33,14,106,50,46.379000000000005,47.16981132075472,43.753773584905666,3.416037735849052
99,1629014,Anfernee Simons,648,36,14,100,44,40.631,44.0,40.631,3.3689999999999998
100,1626162,Kelly Oubre Jr.,544,20,14,51,26,24.340999999999998,50.98039215686274,47.727450980392156,3.2529411764705856
101,1642377,Jaylen Wells,698,44,21,97,45,41.928,46.391752577319586,43.22474226804123,3.1670103092783535
102,1628969,Mikal Bridges,963,52,25,160,78,73.17,48.75,45.73125,3.018749999999997
103,1628386,Jarrett Allen,528,33,15,62,33,31.303,53.225806451612904,50.48870967741936,2.737096774193546
104,202331,Paul George,513,24,13,100,45,42.295,45.0,42.295,2.7049999999999983
105,1627759,Jaylen Brown,1543,46,25,317,145,136.524,45.74132492113565,43.06750788643533,2.6738170347003205
106,203897,Zach LaVine,547,29,7,91,37,34.591,40.65934065934066,38.012087912087914,2.647252747252743
107,1641718,Keyonte George,881,42,11,166,73,68.606,43.975903614457835,41.3289156626506,2.6469879518072332
108,1631096,Chet Holmgren,779,49,16,115,56,52.992,48.69565217391305,46.08,2.6156521739130483
109,1642262,Cody Williams,509,20,14,53,25,23.656,47.16981132075472,44.633962264150945,2.535849056603773
110,1630217,Desmond Bane,1205,53,26,164,72,67.868,43.90243902439025,41.382926829268285,2.519512195121962
111,1631157,Ryan Rollins,1030,51,19,162,75,71.021,46.2962962962963,43.840123456790124,2.4561728395061735
112,1642273,Kyshawn George,577,34,12,103,46,43.55200000000001,44.66019417475728,42.28349514563107,2.3766990291262076
113,1630558,Davion Mitchell,534,32,14,47,23,21.892000000000003,48.93617021276596,46.57872340425533,2.3574468085106304
114,1629675,Naz Reid,871,39,17,76,32,30.293,42.10526315789474,39.859210526315785,2.246052631578955
115,203497,Rudy Gobert,491,18,9,23,14,13.504,60.869565217391305,58.713043478260865,2.15652173913044
116,1629008,Michael Porter Jr.,958,42,9,155,66,62.815000000000005,42.58064516129032,40.52580645161291,2.054838709677412
117,1630552,Jalen Johnson,1228,57,13,252,116,111.055,46.03174603174603,44.06944444444444,1.9623015873015888
118,202691,Klay Thompson,728,39,19,89,37,35.513000000000005,41.57303370786517,39.90224719101124,1.67078651685393
119,1627936,Alex Caruso,300,12,3,12,6,5.809,50.0,48.40833333333333,1.5916666666666686
120,1642265,Rob Dillingham,412,38,9,72,33,31.905,45.833333333333336,44.3125,1.5208333333333357
121,203994,Jusuf Nurkić,358,23,6,47,24,23.293000000000003,51.06382978723404,49.55957446808511,1.5042553191489318
122,1631097,Bennedict Mathurin,677,40,9,150,64,61.899,42.666666666666664,41.266,1.400666666666666
123,1630168,Onyeka Okongwu,859,46,10,77,35,34.024,45.45454545454545,44.18701298701299,1.2675324675324617
124,203484,Kentavious Caldwell-Pope,366,33,9,77,35,34.079,45.45454545454545,44.25844155844156,1.1961038961038923
125,1629638,Nickeil Alexander-Walker,1195,62,11,152,67,65.30199999999999,44.078947368421055,42.96184210526315,1.117105263157903
126,201935,James Harden,1123,42,20,115,50,48.839999999999996,43.47826086956522,42.469565217391306,1.0086956521739125
127,1630567,Scottie Barnes,1123,52,27,232,110,107.667,47.41379310344828,46.408189655172414,1.0056034482758633
128,1642281,Jaylon Tyson,670,33,13,51,26,25.554,50.98039215686274,50.10588235294117,0.8745098039215691
129,1628370,Malik Monk,632,35,19,109,49,48.102000000000004,44.95412844036697,44.13027522935781,0.8238532110091654
130,1628401,Derrick White,1108,50,22,184,81,79.564,44.02173913043478,43.24130434782609,0.7804347826086939
131,1631221,Collin Gillespie,842,39,26,107,45,44.32899999999999,42.05607476635514,41.42897196261682,0.6271028037383175
132,1629012,Collin Sexton,742,47,11,100,45,44.375,45.0,44.375,0.625
133,1642851,Kon Knueppel,1084,57,14,112,54,53.516,48.214285714285715,47.78214285714285,0.43214285714286405
134,1630568,Luka Garza,357,22,10,33,19,18.88,57.57575757575758,57.21212121212121,0.36363636363636687
135,1630183,Jaden McDaniels,809,44,23,125,56,55.624,44.8,44.4992,0.3007999999999953
136,1642276,Kel'el Ware,649,31,10,49,27,26.883,55.10204081632653,54.86326530612244,0.2387755102040856
137,1630311,Pat Spencer,436,30,17,71,31,30.868,43.66197183098591,43.476056338028165,0.18591549295774712
138,1629630,Ja Morant,322,18,2,98,42,41.828,42.857142857142854,42.68163265306123,0.17551020408162543
139,1627780,Gary Payton II,415,18,5,18,11,10.98,61.111111111111114,61.0,0.11111111111111427
140,1641705,Victor Wembanyama,1080,44,19,186,77,76.837,41.39784946236559,41.31021505376344,0.087634408602149
141,1642383,Walter Clayton Jr.,461,26,14,52,24,23.985,46.15384615384615,46.125,0.0288461538461533
142,1629628,RJ Barrett,816,30,15,70,29,28.997999999999998,41.42857142857143,41.425714285714285,0.002857142857145334
143,1631260,AJ Green,618,23,6,31,13,13.003,41.935483870967744,41.94516129032258,-0.009677419354837014
144,203903,Jordan Clarkson,526,34,15,70,29,29.061,41.42857142857143,41.51571428571428,-0.08714285714285097
145,1641711,Gradey Dick,383,28,15,41,19,19.052999999999997,46.34146341463415,46.470731707317064,-0.12926829268291584
146,1628976,Wendell Carter Jr.,637,47,17,88,45,45.131,51.13636363636363,51.285227272727276,-0.14886363636364308
147,1642962,Drake Powell,358,27,17,48,22,22.115000000000002,45.833333333333336,46.072916666666664,-0.2395833333333286
148,1642267,Bub Carrington,741,48,29,121,52,52.291,42.97520661157025,43.21570247933884,-0.2404958677685869
149,1631323,Simone Fontecchio,470,11,8,11,6,6.03,54.54545454545455,54.81818181818182,-0.2727272727272734
150,1630598,Aaron Wiggins,536,29,9,48,22,22.219,45.833333333333336,46.28958333333333,-0.45624999999999716
151,1642259,Alex Sarr,656,32,15,89,40,40.416,44.943820224719104,45.41123595505617,-0.4674157303370663
152,1631105,Jalen Duren,803,29,13,46,23,23.252,50.0,50.54782608695652,-0.547826086956519
153,1642266,Ja'Kobe Walter,404,16,10,20,8,8.141,40.0,40.705,-0.7049999999999983
154,1628404,Josh Hart,592,36,20,65,30,30.493000000000002,46.15384615384615,46.91230769230769,-0.758461538461539
155,1630703,Scoot Henderson,342,15,12,27,12,12.211,44.44444444444444,45.22592592592593,-0.7814814814814852
156,1630532,Franz Wagner,507,30,4,78,33,33.693,42.30769230769231,43.19615384615384,-0.8884615384615344
157,203932,Aaron Gordon,398,19,13,35,16,16.315,45.714285714285715,46.61428571428572,-0.9000000000000057
158,203944,Julius Randle,1207,53,24,210,92,93.967,43.80952380952381,44.74619047619048,-0.9366666666666674
159,1630163,LaMelo Ball,1244,51,15,140,59,60.333,42.142857142857146,43.095,-0.952142857142853
160,201572,Brook Lopez,542,31,14,57,23,23.57,40.35087719298246,41.35087719298246,-1.0
161,1631212,Peyton Watson,581,21,14,50,22,22.523000000000003,44.0,45.04600000000001,-1.0460000000000065
162,1630530,Trey Murphy III,1050,39,15,98,41,42.052,41.83673469387755,42.91020408163265,-1.0734693877550967
163,1627783,Pascal Siakam,1155,49,13,299,134,137.296,44.81605351170568,45.91839464882943,-1.1023411371237444
164,1629614,Andrew Nembhard,753,45,12,207,89,91.735,42.99516908212561,44.31642512077295,-1.3212560386473413
165,1642264,Stephon Castle,815,42,18,117,55,56.552,47.00854700854701,48.335042735042734,-1.3264957264957218
166,1641706,Brandon Miller,1044,46,18,167,72,74.32400000000001,43.11377245508982,44.5053892215569,-1.3916167664670738
167,1626167,Myles Turner,646,40,12,64,27,27.897,42.1875,43.5890625,-1.4015624999999972
168,1627751,Jakob Poeltl,310,25,11,49,25,25.697000000000003,51.02040816326531,52.44285714285715,-1.4224489795918416
169,1630224,Jalen Green,512,17,15,54,21,21.777,38.888888888888886,40.32777777777778,-1.438888888888897
170,1630540,Miles McBride,404,28,6,68,28,28.99,41.1764705882353,42.63235294117647,-1.455882352941174
171,1629645,Kevin Porter Jr.,514,26,12,96,39,40.478,40.625,42.16458333333333,-1.5395833333333329
172,1642843,Cooper Flagg,1194,37,32,157,67,69.451,42.67515923566879,44.23630573248407,-1.561146496815283
173,1641716,Jarace Walker,733,43,17,91,38,39.549,41.75824175824176,43.46043956043956,-1.7021978021978015
174,1630581,Josh Giddey,717,32,8,76,31,32.402,40.78947368421053,42.63421052631579,-1.844736842105263
175,1631114,Jalen Williams,446,22,10,93,39,40.825,41.935483870967744,43.8978494623656,-1.9623655913978553
176,1630631,Jose Alvarado,449,18,11,28,11,11.572000000000001,39.285714285714285,41.32857142857143,-2.0428571428571445
177,1642907,Cedric Coward,648,36,17,70,31,32.565,44.285714285714285,46.52142857142857,-2.2357142857142875
178,1642954,Will Richard,346,17,7,20,10,10.452,50.0,52.260000000000005,-2.260000000000005
179,203952,Andrew Wiggins,821,45,16,133,57,60.516,42.857142857142854,45.500751879699244,-2.64360902255639
180,1631217,Moussa Diabaté,363,25,9,31,16,16.918000000000003,51.61290322580645,54.5741935483871,-2.961290322580652
181,1631095,Jabari Smith Jr.,974,53,21,153,66,70.664,43.13725490196079,46.185620915032686,-3.048366013071899
182,1642948,Ryan Nembhard,390,29,25,83,33,35.641,39.75903614457831,42.940963855421685,-3.1819277108433752
183,1630583,Santi Aldama,476,31,7,72,29,31.324,40.27777777777778,43.50555555555556,-3.2277777777777814
184,1630578,Alperen Sengun,1123,55,16,225,93,100.31200000000001,41.333333333333336,44.583111111111116,-3.24977777777778
185,203471,Dennis Schröder,629,44,20,121,46,50.174,38.01652892561984,41.466115702479335,-3.4495867768594977
186,1628374,Lauri Markkanen,805,29,11,86,33,36.019,38.372093023255815,41.88255813953488,-3.5104651162790645
187,1630533,Ziaire Williams,433,15,7,19,8,8.690999999999999,42.10526315789474,45.74210526315789,-3.636842105263149
188,1642846,Ace Bailey,892,48,22,162,67,73.362,41.358024691358025,45.285185185185185,-3.9271604938271594
189,1641713,GG Jackson,514,21,14,30,12,13.277,40.0,44.25666666666666,-4.256666666666661
190,203076,Anthony Davis,334,12,8,72,29,32.113,40.27777777777778,44.60138888888889,-4.323611111111113
191,1641717,Cason Wallace,584,24,6,33,13,14.43,39.39393939393939,43.72727272727273,-4.333333333333336
192,203084,Harrison Barnes,576,28,5,39,16,17.708,41.02564102564103,45.4051282051282,-4.379487179487171
193,201143,Al Horford,325,17,8,23,10,11.036999999999999,43.47826086956522,47.986956521739124,-4.508695652173905
194,1629013,Landry Shamet,364,15,9,18,7,7.822,38.888888888888886,43.455555555555556,-4.56666666666667
195,202710,Jimmy Butler III,461,30,4,88,37,41.255,42.04545454545455,46.88068181818182,-4.835227272727273
196,1629632,Coby White,623,28,12,53,20,22.564,37.735849056603776,42.57358490566038,-4.837735849056607
197,1630529,Herbert Jones,478,27,7,40,16,17.977,40.0,44.9425,-4.942500000000003
198,1630591,Jalen Suggs,649,35,15,82,32,36.091,39.02439024390244,44.01341463414634,-4.989024390243905
199,1630544,Tre Mann,303,30,4,56,21,23.829,37.5,42.551785714285714,-5.051785714285714
200,1641764,Brandin Podziemski,866,50,28,134,51,57.916,38.059701492537314,43.220895522388055,-5.161194029850741
201,1628389,Bam Adebayo,1145,50,21,196,82,92.367,41.83673469387755,47.12602040816327,-5.289285714285718
202,1642450,Daniss Jenkins,568,42,15,95,38,43.04,40.0,45.305263157894736,-5.305263157894736
203,1629651,Nic Claxton,583,36,13,57,25,28.181,43.85964912280702,49.440350877192984,-5.580701754385963
204,1642271,Kyle Filipowski,657,38,14,49,25,27.736,51.02040816326531,56.604081632653056,-5.5836734693877474
205,1631109,Mark Williams,438,26,15,33,14,15.950000000000001,42.42424242424242,48.333333333333336,-5.909090909090914
206,1631108,Max Christie,725,31,19,54,20,23.231,37.03703703703704,43.02037037037038,-5.983333333333341
207,1641824,Matas Buzelis,963,26,4,35,12,14.154,34.285714285714285,40.440000000000005,-6.15428571428572
208,1631101,Shaedon Sharpe,868,29,19,109,39,45.760000000000005,35.77981651376147,41.9816513761468,-6.201834862385333
209,1642852,Derik Queen,748,46,25,115,44,51.143,38.26086956521739,44.47217391304348,-6.211304347826086
210,1629627,Zion Williamson,807,29,12,64,29,33.018,45.3125,51.590625,-6.278125000000003
211,1630228,Jonathan Kuminga,339,25,5,62,25,29.074,40.32258064516129,46.89354838709678,-6.57096774193549
212,1627739,Kris Dunn,477,34,13,47,18,21.292,38.297872340425535,45.302127659574474,-7.004255319148939
213,1641731,Bilal Coulibaly,541,29,15,48,19,22.381999999999998,39.583333333333336,46.62916666666666,-7.045833333333327
214,1641783,Tristan da Silva,620,32,19,57,21,25.054000000000002,36.8421052631579,43.954385964912284,-7.112280701754386
215,1627824,Guerschon Yabusele,312,15,1,20,7,8.434,35.0,42.17,-7.170000000000002
216,1628398,Kyle Kuzma,689,36,12,69,27,31.951,39.130434782608695,46.30579710144927,-7.175362318840577
217,1641796,Pelle Larsson,559,29,8,42,17,20.023,40.476190476190474,47.673809523809524,-7.19761904761905
218,1628960,Grayson Allen,667,23,8,35,13,15.575999999999999,37.142857142857146,44.50285714285714,-7.359999999999992
219,1631094,Paolo Banchero,1152,43,27,190,70,84.50899999999999,36.8421052631579,44.47842105263157,-7.63631578947367
220,1642879,Ben Saraf,303,12,11,14,5,6.073,35.714285714285715,43.37857142857143,-7.664285714285718
221,1641774,Tristan Vukcevic,317,24,13,50,18,21.846999999999998,36.0,43.693999999999996,-7.6939999999999955
222,1642268,Isaiah Collier,515,30,15,64,24,28.945,37.5,45.2265625,-7.7265625
223,1641710,Anthony Black,773,39,14,81,28,34.404,34.5679012345679,42.47407407407408,-7.906172839506183
224,1629611,Terance Mann,367,32,12,53,21,25.221,39.62264150943396,47.58679245283019,-7.964150943396227
225,1641708,Amen Thompson,1044,54,23,161,63,75.87100000000001,39.130434782608695,47.1248447204969,-7.994409937888207
226,203924,Jerami Grant,730,33,15,50,17,21.006999999999998,34.0,42.013999999999996,-8.013999999999996
227,1641712,Rayan Rupert,313,14,12,20,7,8.617,35.0,43.085,-8.085
228,1630572,Sandro Mamukelashvili,631,17,20,19,8,9.555,42.10526315789474,50.28947368421053,-8.184210526315788
229,1642860,Will Riley,618,34,24,78,27,33.387,34.61538461538461,42.80384615384615,-8.188461538461539
230,1631230,Dominick Barlow,400,22,14,36,15,17.954,41.666666666666664,49.87222222222223,-8.205555555555563
231,1642867,Collin Murray-Boyles,342,19,10,27,12,14.222,44.44444444444444,52.67407407407408,-8.229629629629635
232,1630180,Saddiq Bey,967,41,16,97,33,41.082,34.02061855670103,42.352577319587624,-8.331958762886593
233,1629111,Jock Landale,548,36,8,67,30,35.686,44.776119402985074,53.26268656716418,-8.486567164179107
234,1626157,Karl-Anthony Towns,1032,39,22,70,25,30.945999999999998,35.714285714285715,44.208571428571425,-8.49428571428571
235,1642847,Jeremiah Fears,1006,52,27,123,42,52.596999999999994,34.146341463414636,42.761788617886175,-8.61544715447154
236,1629001,De'Anthony Melton,528,17,19,29,11,13.563,37.93103448275862,46.76896551724138,-8.837931034482757
237,1642856,Egor Dëmin,449,25,4,35,11,14.123000000000001,31.428571428571427,40.35142857142858,-8.92285714285715
238,1631222,Jake LaRavia,523,25,13,37,14,17.303,37.83783783783784,46.76486486486487,-8.92702702702703
239,201566,Russell Westbrook,839,41,16,117,44,54.718,37.60683760683761,46.76752136752137,-9.16068376068376
240,1641767,Ben Sheppard,387,26,5,30,12,14.763,40.0,49.21,-9.21
241,1630174,Aaron Nesmith,512,32,8,69,24,30.381,34.78260869565217,44.030434782608694,-9.247826086956522
242,1642270,Donovan Clingan,684,19,12,22,11,13.117,50.0,59.622727272727275,-9.622727272727275
243,1628970,Miles Bridges,1042,45,10,73,24,31.169,32.87671232876713,42.6972602739726,-9.820547945205476
244,1642849,Nolan Traore,479,19,14,42,14,18.272000000000002,33.333333333333336,43.504761904761914,-10.171428571428578
245,1642363,Nique Clifford,596,36,21,85,30,38.743,35.294117647058826,45.580000000000005,-10.28588235294118
246,1642920,Kobe Sanders,384,31,14,45,16,20.649,35.55555555555556,45.88666666666667,-10.331111111111113
247,1629652,Luguentz Dort,524,32,16,49,18,23.181,36.734693877551024,47.30816326530612,-10.573469387755097
248,1642258,Zaccharie Risacher,536,35,12,48,16,21.174,33.333333333333336,44.112500000000004,-10.779166666666669
249,1629673,Jordan Poole,444,14,8,25,7,9.853,28.0,39.412,-11.411999999999999
250,1642348,Justin Edwards,320,24,12,30,11,14.481,36.666666666666664,48.269999999999996,-11.603333333333332
251,1642845,VJ Edgecombe,1030,41,29,123,43,57.394,34.959349593495936,46.661788617886174,-11.702439024390237
252,1630541,Moses Moody,557,26,11,34,10,14.001999999999999,29.41176470588235,41.18235294117647,-11.770588235294117
253,1628971,Bruce Brown,522,39,21,60,20,27.069,33.333333333333336,45.115,-11.781666666666666
254,1629674,Neemias Queta,499,33,19,43,18,23.225,41.86046511627907,54.01162790697674,-12.151162790697668
255,1630577,Julian Champagnie,689,20,6,28,10,13.537,35.714285714285715,48.346428571428575,-12.63214285714286
256,1627884,Derrick Jones Jr.,379,18,6,26,8,11.405000000000001,30.76923076923077,43.86538461538461,-13.096153846153843
257,1627747,Caris LeVert,391,36,6,52,17,23.833,32.69230769230769,45.832692307692305,-13.140384615384612
258,1631321,Sidy Cissoko,334,13,4,12,3,4.584,25.0,38.199999999999996,-13.199999999999996
259,1642874,Danny Wolf,440,16,4,20,5,7.6739999999999995,25.0,38.37,-13.369999999999997
260,1630241,Sam Merrill,484,22,10,26,7,10.507,26.923076923076923,40.41153846153846,-13.48846153846154
261,1641709,Ausar Thompson,577,42,13,73,23,32.988,31.506849315068493,45.18904109589042,-13.682191780821924
262,1626220,Royce O'Neale,624,14,3,19,6,8.64,31.57894736842105,45.473684210526315,-13.894736842105264
263,1630692,Jordan Goodwin,555,27,21,46,14,20.467,30.434782608695652,44.49347826086956,-14.058695652173906
264,203110,Draymond Green,491,20,6,25,8,11.551,32.0,46.20399999999999,-14.203999999999994
265,1630191,Isaiah Stewart,402,11,3,13,6,7.953,46.15384615384615,61.17692307692308,-15.023076923076928
266,1630188,Jalen Smith,403,19,0,24,8,11.719999999999999,33.333333333333336,48.833333333333336,-15.5
267,1631107,Nikola Jović,315,15,5,17,4,6.721,23.529411764705884,39.53529411764706,-16.00588235294118
268,1642346,Ryan Dunn,362,21,10,23,10,13.72,43.47826086956522,59.65217391304348,-16.173913043478258
269,1642347,Jamal Shead,504,29,22,53,14,22.686,26.41509433962264,42.803773584905656,-16.388679245283015
270,1627741,Buddy Hield,327,18,4,25,7,11.104,28.0,44.416,-16.415999999999997
271,1630611,Gui Santos,460,9,2,9,3,4.4910000000000005,33.333333333333336,49.900000000000006,-16.56666666666667
272,1628384,OG Anunoby,804,29,18,51,14,22.8,27.45098039215686,44.705882352941174,-17.254901960784313
273,1630549,Day'Ron Sharpe,356,18,5,22,10,13.811,45.45454545454545,62.777272727272724,-17.32272727272727
274,1629750,Javonte Green,414,14,1,13,3,5.35,23.076923076923077,41.15384615384615,-18.076923076923077
275,1629656,Quentin Grimes,755,27,16,46,12,20.73,26.08695652173913,45.06521739130435,-18.978260869565222
276,1630172,Patrick Williams,478,38,8,46,14,22.838,30.434782608695652,49.64782608695653,-19.213043478260875
277,1631245,Quenton Jackson,328,15,9,24,5,9.637,20.833333333333332,40.15416666666667,-19.320833333333336
278,1631165,Keon Ellis,384,27,10,35,9,15.866000000000001,25.714285714285715,45.331428571428575,-19.61714285714286
279,203507,Giannis Antetokounmpo,598,26,7,86,23,40.143,26.74418604651163,46.67790697674419,-19.93372093023256
280,1631106,Tari Eason,580,31,17,55,13,25.84,23.636363636363637,46.981818181818184,-23.345454545454547
281,1641842,Ronald Holland II,544,19,7,31,6,13.582,19.35483870967742,43.81290322580645,-24.45806451612903
282,1630171,Isaac Okoro,458,7,2,8,3,5.132,37.5,64.14999999999999,-26.64999999999999
283,1642883,Sion James,372,14,1,12,2,5.2010000000000005,16.666666666666668,43.34166666666667,-26.675
284,1641765,Olivier-Maxence Prosper,350,12,10,14,3,6.924,21.428571428571427,49.45714285714286,-28.028571428571436
