game_id,player_id,player_name,pbp_fga
0022500003,1626204,Larry Nance Jr.,7
0022500003,1628366,Lonzo Ball,7
0022500003,1628378,Donovan Mitchell,25
0022500003,1628386,Jarrett Allen,4
0022500003,1629731,Dean Wade,3
0022500003,1630241,Sam Merrill,11
0022500003,1630596,Evan Mobley,18
0022500003,1641854,Craig Porter Jr.,2
0022500003,1642281,Jaylon Tyson,4
0022500003,1642878,Tyrese Proctor,5
0022500007,1626204,Larry Nance Jr.,3
0022500007,1628378,Donovan Mitchell,18
0022500007,1628386,Jarrett Allen,12
0022500007,1628418,Thomas Bryant,4
0022500007,1629631,De'Andre Hunter,11
0022500007,1629731,Dean Wade,3
0022500007,1630241,Sam Merrill,7
0022500007,1630596,Evan Mobley,10
0022500007,1631247,Luke Travers,3
0022500007,1641854,Craig Porter Jr.,4
0022500007,1642281,Jaylon Tyson,5
0022500007,1642878,Tyrese Proctor,5
0022500009,1628366,Lonzo Ball,1
0022500009,1628378,Donovan Mitchell,25
0022500009,1628386,Jarrett Allen,4
0022500009,1628418,Thomas Bryant,1
0022500009,1629631,De'Andre Hunter,7
0022500009,1629636,Darius Garland,14
0022500009,1629731,Dean Wade,4
0022500009,1630241,Sam Merrill,11
0022500009,1630596,Evan Mobley,8
0022500009,1642281,Jaylon Tyson,11
0022500015,1628366,Lonzo Ball,4
0022500015,1628378,Donovan Mitchell,18
0022500015,1628386,Jarrett Allen,8
0022500015,1629631,De'Andre Hunter,13
0022500015,1629731,Dean Wade,2
0022500015,1630596,Evan Mobley,14
0022500015,1641772,Nae'Qwan Tomlin,7
0022500015,1641854,Craig Porter Jr.,9
0022500015,1642281,Jaylon Tyson,13
0022500015,1642878,Tyrese Proctor,3
0022500022,1626204,Larry Nance Jr.,6
0022500022,1628366,Lonzo Ball,7
0022500022,1628418,Thomas Bryant,4
0022500022,1629631,De'Andre Hunter,18
0022500022,1629731,Dean Wade,7
0022500022,1630596,Evan Mobley,17
0022500022,1631247,Luke Travers,5
0022500022,1641854,Craig Porter Jr.,5
0022500022,1642281,Jaylon Tyson,14
0022500022,1642878,Tyrese Proctor,7
0022500029,1626204,Larry Nance Jr.,3
0022500029,1628378,Donovan Mitchell,20
0022500029,1628386,Jarrett Allen,13
0022500029,1628418,Thomas Bryant,3
0022500029,1629631,De'Andre Hunter,9
0022500029,1629636,Darius Garland,16
0022500029,1630241,Sam Merrill,6
0022500029,1630596,Evan Mobley,16
0022500029,1631247,Luke Travers,3
0022500029,1641772,Nae'Qwan Tomlin,4
0022500029,1641854,Craig Porter Jr.,4
0022500029,1642281,Jaylon Tyson,7
0022500029,1642878,Tyrese Proctor,6
0022500048,1626204,Larry Nance Jr.,4
0022500048,1628366,Lonzo Ball,2
0022500048,1628378,Donovan Mitchell,22
0022500048,1628418,Thomas Bryant,1
0022500048,1629631,De'Andre Hunter,16
0022500048,1629636,Darius Garland,12
0022500048,1629731,Dean Wade,4
0022500048,1630596,Evan Mobley,13
0022500048,1641772,Nae'Qwan Tomlin,4
0022500048,1641854,Craig Porter Jr.,3
0022500048,1642281,Jaylon Tyson,7
0022500048,1642878,Tyrese Proctor,1
0022500069,1626204,Larry Nance Jr.,1
0022500069,1628366,Lonzo Ball,4
0022500069,1628378,Donovan Mitchell,28
0022500069,1628386,Jarrett Allen,6
0022500069,1629631,De'Andre Hunter,9
0022500069,1629636,Darius Garland,14
0022500069,1629731,Dean Wade,3
0022500069,1630596,Evan Mobley,17
0022500069,1641772,Nae'Qwan Tomlin,3
0022500069,1642281,Jaylon Tyson,10
0022500091,1626204,Larry Nance Jr.,8
0022500091,1628366,Lonzo Ball,4
0022500091,1628378,Donovan Mitchell,15
0022500091,1628386,Jarrett Allen,11
0022500091,1629731,Dean Wade,7
0022500091,1630241,Sam Merrill,11
0022500091,1630596,Evan Mobley,12
0022500091,1641854,Craig Porter Jr.,6
0022500091,1642281,Jaylon Tyson,4
0022500091,1642878,Tyrese Proctor,4
0022500107,1626204,Larry Nance Jr.,3
0022500107,1628366,Lonzo Ball,7
0022500107,1628378,Donovan Mitchell,20
0022500107,1628386,Jarrett Allen,6
0022500107,1629631,De'Andre Hunter,13
0022500107,1629731,Dean Wade,5
0022500107,1630241,Sam Merrill,11
0022500107,1630596,Evan Mobley,13
0022500107,1641854,Craig Porter Jr.,5
0022500107,1642281,Jaylon Tyson,4
0022500128,1626204,Larry Nance Jr.,3
0022500128,1628366,Lonzo Ball,5
0022500128,1628378,Donovan Mitchell,12
0022500128,1628386,Jarrett Allen,7
0022500128,1628418,Thomas Bryant,2
0022500128,1629631,De'Andre Hunter,17
0022500128,1629731,Dean Wade,5
0022500128,1630596,Evan Mobley,19
0022500128,1641854,Craig Porter Jr.,4
0022500128,1642281,Jaylon Tyson,11
0022500128,1642878,Tyrese Proctor,2
0022500151,1626204,Larry Nance Jr.,9
0022500151,1628366,Lonzo Ball,8
0022500151,1628378,Donovan Mitchell,21
0022500151,1628418,Thomas Bryant,1
0022500151,1629631,De'Andre Hunter,14
0022500151,1629731,Dean Wade,9
0022500151,1630596,Evan Mobley,16
0022500151,1641854,Craig Porter Jr.,2
0022500151,1642281,Jaylon Tyson,14
0022500151,1642878,Tyrese Proctor,3
0022500171,1626204,Larry Nance Jr.,6
0022500171,1628366,Lonzo Ball,3
0022500171,1628378,Donovan Mitchell,21
0022500171,1628386,Jarrett Allen,17
0022500171,1629636,Darius Garland,11
0022500171,1630241,Sam Merrill,6
0022500171,1630596,Evan Mobley,17
0022500171,1641854,Craig Porter Jr.,4
0022500171,1642281,Jaylon Tyson,7
0022500186,1628366,Lonzo Ball,4
0022500186,1628378,Donovan Mitchell,24
0022500186,1628386,Jarrett Allen,8
0022500186,1629631,De'Andre Hunter,16
0022500186,1629731,Dean Wade,5
0022500186,1630241,Sam Merrill,8
0022500186,1630596,Evan Mobley,14
0022500186,1642281,Jaylon Tyson,10
0022500186,1642878,Tyrese Proctor,5
0022500201,1628366,Lonzo Ball,7
0022500201,1628378,Donovan Mitchell,28
0022500201,1628386,Jarrett Allen,9
0022500201,1629631,De'Andre Hunter,19
0022500201,1629636,Darius Garland,9
0022500201,1629731,Dean Wade,5
0022500201,1630241,Sam Merrill,16
0022500201,1630596,Evan Mobley,15
0022500201,1641854,Craig Porter Jr.,2
0022500201,1642281,Jaylon Tyson,10
0022500217,1626204,Larry Nance Jr.,3
0022500217,1628366,Lonzo Ball,8
0022500217,1628386,Jarrett Allen,20
0022500217,1628418,Thomas Bryant,4
0022500217,1629631,De'Andre Hunter,13
0022500217,1629731,Dean Wade,7
0022500217,1630241,Sam Merrill,10
0022500217,1631247,Luke Travers,5
0022500217,1641772,Nae'Qwan Tomlin,7
0022500217,1641854,Craig Porter Jr.,12
0022500217,1642878,Tyrese Proctor,15
0022500225,1628378,Donovan Mitchell,18
0022500225,1628386,Jarrett Allen,6
0022500225,1628418,Thomas Bryant,4
0022500225,1629631,De'Andre Hunter,16
0022500225,1629731,Dean Wade,5
0022500225,1630241,Sam Merrill,11
0022500225,1630596,Evan Mobley,7
0022500225,1641772,Nae'Qwan Tomlin,10
0022500225,1641854,Craig Porter Jr.,6
0022500225,1642878,Tyrese Proctor,8
0022500228,1626204,Larry Nance Jr.,2
0022500228,1628366,Lonzo Ball,5
0022500228,1628378,Donovan Mitchell,21
0022500228,1628386,Jarrett Allen,8
0022500228,1629631,De'Andre Hunter,8
0022500228,1629731,Dean Wade,4
0022500228,1630241,Sam Merrill,9
0022500228,1630596,Evan Mobley,16
0022500228,1641772,Nae'Qwan Tomlin,4
0022500228,1641854,Craig Porter Jr.,4
0022500228,1642878,Tyrese Proctor,2
0022500241,1628366,Lonzo Ball,8
0022500241,1628378,Donovan Mitchell,22
0022500241,1628386,Jarrett Allen,7
0022500241,1628418,Thomas Bryant,1
0022500241,1629631,De'Andre Hunter,11
0022500241,1629731,Dean Wade,3
0022500241,1630241,Sam Merrill,10
0022500241,1630596,Evan Mobley,9
0022500241,1641772,Nae'Qwan Tomlin,2
0022500241,1641854,Craig Porter Jr.,6
0022500255,1628366,Lonzo Ball,8
0022500255,1628378,Donovan Mitchell,17
0022500255,1628386,Jarrett Allen,9
0022500255,1628418,Thomas Bryant,1
0022500255,1629631,De'Andre Hunter,11
0022500255,1629731,Dean Wade,5
0022500255,1630596,Evan Mobley,13
0022500255,1641772,Nae'Qwan Tomlin,10
0022500255,1641854,Craig Porter Jr.,6
0022500255,1642878,Tyrese Proctor,1
0022500278,1626204,Larry Nance Jr.,3
0022500278,1628378,Donovan Mitchell,22
0022500278,1628418,Thomas Bryant,2
0022500278,1629631,De'Andre Hunter,11
0022500278,1629636,Darius Garland,10
0022500278,1629731,Dean Wade,6
0022500278,1630596,Evan Mobley,12
0022500278,1631247,Luke Travers,3
0022500278,1641772,Nae'Qwan Tomlin,5
0022500278,1642281,Jaylon Tyson,6
0022500278,1642878,Tyrese Proctor,7
0022500284,1626204,Larry Nance Jr.,4
0022500284,1628366,Lonzo Ball,15
0022500284,1628378,Donovan Mitchell,20
0022500284,1628418,Thomas Bryant,4
0022500284,1630596,Evan Mobley,7
0022500284,1631247,Luke Travers,6
0022500284,1641753,Chris Livingston,5
0022500284,1641772,Nae'Qwan Tomlin,8
0022500284,1642281,Jaylon Tyson,9
0022500284,1642878,Tyrese Proctor,9
0022500302,1628378,Donovan Mitchell,16
0022500302,1628418,Thomas Bryant,1
0022500302,1629631,De'Andre Hunter,10
0022500302,1629636,Darius Garland,16
0022500302,1629731,Dean Wade,4
0022500302,1630596,Evan Mobley,17
0022500302,1641772,Nae'Qwan Tomlin,5
0022500302,1641854,Craig Porter Jr.,3
0022500302,1642281,Jaylon Tyson,18
0022500302,1642878,Tyrese Proctor,4
0022500310,1628378,Donovan Mitchell,27
0022500310,1628418,Thomas Bryant,6
0022500310,1629631,De'Andre Hunter,10
0022500310,1629731,Dean Wade,6
0022500310,1630596,Evan Mobley,13
0022500310,1631247,Luke Travers,3
0022500310,1641772,Nae'Qwan Tomlin,6
0022500310,1641854,Craig Porter Jr.,5
0022500310,1642281,Jaylon Tyson,13
0022500310,1642878,Tyrese Proctor,9
0022500324,1628366,Lonzo Ball,9
0022500324,1628378,Donovan Mitchell,26
0022500324,1628418,Thomas Bryant,6
0022500324,1629631,De'Andre Hunter,9
0022500324,1629636,Darius Garland,13
0022500324,1629731,Dean Wade,3
0022500324,1630596,Evan Mobley,14
0022500324,1641772,Nae'Qwan Tomlin,4
0022500324,1641854,Craig Porter Jr.,1
0022500324,1642281,Jaylon Tyson,9
0022500341,1628366,Lonzo Ball,2
0022500341,1628378,Donovan Mitchell,17
0022500341,1628418,Thomas Bryant,4
0022500341,1629631,De'Andre Hunter,9
0022500341,1629731,Dean Wade,6
0022500341,1630596,Evan Mobley,12
0022500341,1631247,Luke Travers,3
0022500341,1641753,Chris Livingston,2
0022500341,1641772,Nae'Qwan Tomlin,10
0022500341,1641854,Craig Porter Jr.,6
0022500341,1642281,Jaylon Tyson,15
0022500352,1628378,Donovan Mitchell,26
0022500352,1628418,Thomas Bryant,4
0022500352,1629631,De'Andre Hunter,9
0022500352,1629636,Darius Garland,15
0022500352,1629731,Dean Wade,5
0022500352,1630596,Evan Mobley,19
0022500352,1631247,Luke Travers,3
0022500352,1641772,Nae'Qwan Tomlin,10
0022500352,1641854,Craig Porter Jr.,4
0022500352,1642281,Jaylon Tyson,12
0022500367,1628366,Lonzo Ball,5
0022500367,1628378,Donovan Mitchell,23
0022500367,1628386,Jarrett Allen,9
0022500367,1628418,Thomas Bryant,6
0022500367,1629631,De'Andre Hunter,9
0022500367,1629636,Darius Garland,16
0022500367,1629731,Dean Wade,3
0022500367,1641772,Nae'Qwan Tomlin,2
0022500367,1641854,Craig Porter Jr.,2
0022500367,1642281,Jaylon Tyson,10
0022500367,1642878,Tyrese Proctor,2
0022500384,1628366,Lonzo Ball,4
0022500384,1628386,Jarrett Allen,9
0022500384,1628418,Thomas Bryant,6
0022500384,1629631,De'Andre Hunter,10
0022500384,1629636,Darius Garland,27
0022500384,1629731,Dean Wade,4
0022500384,1631247,Luke Travers,2
0022500384,1641772,Nae'Qwan Tomlin,14
0022500384,1642281,Jaylon Tyson,10
0022500384,1642878,Tyrese Proctor,15
0022500402,1628366,Lonzo Ball,5
0022500402,1628378,Donovan Mitchell,18
0022500402,1628386,Jarrett Allen,4
0022500402,1628418,Thomas Bryant,5
0022500402,1629631,De'Andre Hunter,13
0022500402,1629636,Darius Garland,15
0022500402,1629731,Dean Wade,7
0022500402,1630241,Sam Merrill,7
0022500402,1641772,Nae'Qwan Tomlin,4
0022500402,1641854,Craig Porter Jr.,1
0022500402,1642281,Jaylon Tyson,6
0022500402,1642878,Tyrese Proctor,2
0022500412,1628378,Donovan Mitchell,16
0022500412,1628386,Jarrett Allen,9
0022500412,1628418,Thomas Bryant,8
0022500412,1629631,De'Andre Hunter,13
0022500412,1629636,Darius Garland,9
0022500412,1629731,Dean Wade,10
0022500412,1630241,Sam Merrill,12
0022500412,1641772,Nae'Qwan Tomlin,2
0022500412,1641854,Craig Porter Jr.,8
0022500412,1642281,Jaylon Tyson,13
0022500412,1642878,Tyrese Proctor,5
0022500438,1628366,Lonzo Ball,2
0022500438,1628378,Donovan Mitchell,17
0022500438,1628386,Jarrett Allen,3
0022500438,1628418,Thomas Bryant,7
0022500438,1629631,De'Andre Hunter,7
0022500438,1629636,Darius Garland,9
0022500438,1629731,Dean Wade,6
0022500438,1630241,Sam Merrill,8
0022500438,1630596,Evan Mobley,9
0022500438,1641854,Craig Porter Jr.,5
0022500438,1642281,Jaylon Tyson,20
0022500438,1642878,Tyrese Proctor,3
0022500456,1628378,Donovan Mitchell,12
0022500456,1628386,Jarrett Allen,21
0022500456,1629631,De'Andre Hunter,9
0022500456,1629636,Darius Garland,13
0022500456,1629731,Dean Wade,7
0022500456,1630241,Sam Merrill,6
0022500456,1630596,Evan Mobley,13
0022500456,1641772,Nae'Qwan Tomlin,5
0022500456,1641854,Craig Porter Jr.,2
0022500456,1642281,Jaylon Tyson,8
0022500465,1628378,Donovan Mitchell,18
0022500465,1628386,Jarrett Allen,12
0022500465,1628418,Thomas Bryant,2
0022500465,1629636,Darius Garland,13
0022500465,1629731,Dean Wade,5
0022500465,1630241,Sam Merrill,14
0022500465,1630596,Evan Mobley,10
0022500465,1641772,Nae'Qwan Tomlin,1
0022500465,1641854,Craig Porter Jr.,3
0022500465,1642281,Jaylon Tyson,16
0022500465,1642878,Tyrese Proctor,2
0022500478,1628366,Lonzo Ball,3
0022500478,1628378,Donovan Mitchell,24
0022500478,1628386,Jarrett Allen,5
0022500478,1629631,De'Andre Hunter,12
0022500478,1629636,Darius Garland,12
0022500478,1630596,Evan Mobley,10
0022500478,1641772,Nae'Qwan Tomlin,5
0022500478,1641854,Craig Porter Jr.,7
0022500478,1642281,Jaylon Tyson,8
0022500494,1628366,Lonzo Ball,1
0022500494,1628378,Donovan Mitchell,21
0022500494,1628418,Thomas Bryant,2
0022500494,1629631,De'Andre Hunter,8
0022500494,1629636,Darius Garland,15
0022500494,1630241,Sam Merrill,8
0022500494,1630596,Evan Mobley,9
0022500494,1641772,Nae'Qwan Tomlin,4
0022500494,1641854,Craig Porter Jr.,3
0022500494,1642281,Jaylon Tyson,9
0022500510,1628386,Jarrett Allen,13
0022500510,1629631,De'Andre Hunter,9
0022500510,1629636,Darius Garland,23
0022500510,1629731,Dean Wade,2
0022500510,1630241,Sam Merrill,12
0022500510,1630596,Evan Mobley,16
0022500510,1641772,Nae'Qwan Tomlin,5
0022500510,1641854,Craig Porter Jr.,6
0022500510,1642281,Jaylon Tyson,2
0022500530,1628378,Donovan Mitchell,20
0022500530,1628386,Jarrett Allen,9
0022500530,1629631,De'Andre Hunter,11
0022500530,1629636,Darius Garland,16
0022500530,1630241,Sam Merrill,13
0022500530,1630596,Evan Mobley,11
0022500530,1641772,Nae'Qwan Tomlin,1
0022500530,1641854,Craig Porter Jr.,5
0022500530,1642281,Jaylon Tyson,5
0022500542,1628378,Donovan Mitchell,21
0022500542,1628386,Jarrett Allen,10
0022500542,1628418,Thomas Bryant,1
0022500542,1629631,De'Andre Hunter,5
0022500542,1629636,Darius Garland,13
0022500542,1630241,Sam Merrill,7
0022500542,1630596,Evan Mobley,16
0022500542,1641772,Nae'Qwan Tomlin,2
0022500542,1641854,Craig Porter Jr.,4
0022500542,1642281,Jaylon Tyson,12
0022500542,1642878,Tyrese Proctor,1
0022500558,1628378,Donovan Mitchell,18
0022500558,1628386,Jarrett Allen,7
0022500558,1629631,De'Andre Hunter,5
0022500558,1629636,Darius Garland,17
0022500558,1630241,Sam Merrill,11
0022500558,1630596,Evan Mobley,11
0022500558,1641772,Nae'Qwan Tomlin,11
0022500558,1641854,Craig Porter Jr.,3
0022500558,1642281,Jaylon Tyson,9
0022500572,1626204,Larry Nance Jr.,2
0022500572,1628366,Lonzo Ball,6
0022500572,1628378,Donovan Mitchell,22
0022500572,1628386,Jarrett Allen,6
0022500572,1628418,Thomas Bryant,3
0022500572,1629631,De'Andre Hunter,13
0022500572,1629636,Darius Garland,13
0022500572,1630241,Sam Merrill,5
0022500572,1630596,Evan Mobley,10
0022500572,1641772,Nae'Qwan Tomlin,1
0022500572,1641854,Craig Porter Jr.,3
0022500572,1642281,Jaylon Tyson,9
0022500572,1642878,Tyrese Proctor,2
0022500589,1628366,Lonzo Ball,3
0022500589,1628378,Donovan Mitchell,13
0022500589,1628386,Jarrett Allen,6
0022500589,1629631,De'Andre Hunter,13
0022500589,1630596,Evan Mobley,11
0022500589,1641772,Nae'Qwan Tomlin,9
0022500589,1641854,Craig Porter Jr.,5
0022500589,1642281,Jaylon Tyson,17
0022500589,1642878,Tyrese Proctor,8
0022500620,1626204,Larry Nance Jr.,3
0022500620,1628378,Donovan Mitchell,20
0022500620,1628386,Jarrett Allen,8
0022500620,1629631,De'Andre Hunter,6
0022500620,1629731,Dean Wade,3
0022500620,1630596,Evan Mobley,13
0022500620,1641772,Nae'Qwan Tomlin,7
0022500620,1641854,Craig Porter Jr.,5
0022500620,1642281,Jaylon Tyson,17
0022500620,1642878,Tyrese Proctor,5
0022500638,1626204,Larry Nance Jr.,4
0022500638,1628378,Donovan Mitchell,25
0022500638,1628386,Jarrett Allen,6
0022500638,1629631,De'Andre Hunter,9
0022500638,1629731,Dean Wade,4
0022500638,1630596,Evan Mobley,24
0022500638,1641772,Nae'Qwan Tomlin,4
0022500638,1641854,Craig Porter Jr.,5
0022500638,1642281,Jaylon Tyson,14
0022500638,1642878,Tyrese Proctor,1
0022500646,1628366,Lonzo Ball,4
0022500646,1628378,Donovan Mitchell,30
0022500646,1628386,Jarrett Allen,5
0022500646,1628418,Thomas Bryant,3
0022500646,1629731,Dean Wade,4
0022500646,1630596,Evan Mobley,14
0022500646,1641772,Nae'Qwan Tomlin,5
0022500646,1641854,Craig Porter Jr.,3
0022500646,1642281,Jaylon Tyson,9
0022500646,1642878,Tyrese Proctor,4
0022500658,1626204,Larry Nance Jr.,2
0022500658,1628366,Lonzo Ball,1
0022500658,1628378,Donovan Mitchell,25
0022500658,1628386,Jarrett Allen,6
0022500658,1629731,Dean Wade,4
0022500658,1630596,Evan Mobley,16
0022500658,1641772,Nae'Qwan Tomlin,7
0022500658,1641854,Craig Porter Jr.,5
0022500658,1642281,Jaylon Tyson,10
0022500658,1642878,Tyrese Proctor,3
0022500671,1626204,Larry Nance Jr.,3
0022500671,1628378,Donovan Mitchell,21
0022500671,1628386,Jarrett Allen,11
0022500671,1628418,Thomas Bryant,7
0022500671,1629631,De'Andre Hunter,15
0022500671,1629731,Dean Wade,5
0022500671,1630241,Sam Merrill,4
0022500671,1641772,Nae'Qwan Tomlin,6
0022500671,1641854,Craig Porter Jr.,5
0022500671,1642281,Jaylon Tyson,15
0022500671,1642878,Tyrese Proctor,5
0022500693,1626204,Larry Nance Jr.,5
0022500693,1628366,Lonzo Ball,8
0022500693,1628378,Donovan Mitchell,12
0022500693,1628386,Jarrett Allen,9
0022500693,1628418,Thomas Bryant,6
0022500693,1629631,De'Andre Hunter,15
0022500693,1629731,Dean Wade,3
0022500693,1630241,Sam Merrill,12
0022500693,1641772,Nae'Qwan Tomlin,9
0022500693,1642281,Jaylon Tyson,13
0022500693,1642878,Tyrese Proctor,5
0022500710,1626204,Larry Nance Jr.,2
0022500710,1628366,Lonzo Ball,2
0022500710,1628378,Donovan Mitchell,15
0022500710,1628386,Jarrett Allen,23
0022500710,1628418,Thomas Bryant,8
0022500710,1629731,Dean Wade,5
0022500710,1630241,Sam Merrill,9
0022500710,1641772,Nae'Qwan Tomlin,8
0022500710,1641854,Craig Porter Jr.,5
0022500710,1642281,Jaylon Tyson,12
0022500710,1642400,Tristan Enaruna,1
0022500710,1642878,Tyrese Proctor,1
0022500732,203471,Dennis Schröder,14
0022500732,1626204,Larry Nance Jr.,4
0022500732,1628378,Donovan Mitchell,19
0022500732,1628386,Jarrett Allen,8
0022500732,1628418,Thomas Bryant,6
0022500732,1629731,Dean Wade,5
0022500732,1630241,Sam Merrill,6
0022500732,1631165,Keon Ellis,5
0022500732,1641772,Nae'Qwan Tomlin,7
0022500732,1641854,Craig Porter Jr.,5
0022500732,1642281,Jaylon Tyson,10
0022500732,1642400,Tristan Enaruna,2
0022500732,1642878,Tyrese Proctor,7
0022500756,201935,James Harden,13
0022500756,203471,Dennis Schröder,9
0022500756,1628378,Donovan Mitchell,24
0022500756,1628386,Jarrett Allen,12
0022500756,1628418,Thomas Bryant,5
0022500756,1630241,Sam Merrill,6
0022500756,1631165,Keon Ellis,4
0022500756,1641772,Nae'Qwan Tomlin,4
0022500756,1641854,Craig Porter Jr.,3
0022500756,1642281,Jaylon Tyson,8
0022500767,201935,James Harden,16
0022500767,203471,Dennis Schröder,7
0022500767,1628378,Donovan Mitchell,23
0022500767,1628386,Jarrett Allen,16
0022500767,1628418,Thomas Bryant,3
0022500767,1630241,Sam Merrill,6
0022500767,1631165,Keon Ellis,5
0022500767,1641772,Nae'Qwan Tomlin,3
0022500767,1642281,Jaylon Tyson,13
0022500776,201935,James Harden,4
0022500776,203471,Dennis Schröder,5
0022500776,1626204,Larry Nance Jr.,2
0022500776,1628378,Donovan Mitchell,19
0022500776,1628386,Jarrett Allen,8
0022500776,1628418,Thomas Bryant,7
0022500776,1630241,Sam Merrill,12
0022500776,1631165,Keon Ellis,4
0022500776,1641772,Nae'Qwan Tomlin,8
0022500776,1641854,Craig Porter Jr.,3
0022500776,1642281,Jaylon Tyson,6
0022500776,1642400,Tristan Enaruna,3
0022500776,1642878,Tyrese Proctor,2
0022500793,201935,James Harden,8
0022500793,203471,Dennis Schröder,8
0022500793,1626204,Larry Nance Jr.,3
0022500793,1628378,Donovan Mitchell,12
0022500793,1628386,Jarrett Allen,8
0022500793,1629731,Dean Wade,4
0022500793,1630241,Sam Merrill,4
0022500793,1630596,Evan Mobley,9
0022500793,1631165,Keon Ellis,6
0022500793,1641854,Craig Porter Jr.,5
0022500793,1642281,Jaylon Tyson,10
0022500793,1642400,Tristan Enaruna,3
0022500793,1642878,Tyrese Proctor,6
0022500802,201935,James Harden,14
0022500802,203471,Dennis Schröder,4
0022500802,1628378,Donovan Mitchell,22
0022500802,1628386,Jarrett Allen,15
0022500802,1628418,Thomas Bryant,4
0022500802,1629731,Dean Wade,3
0022500802,1630241,Sam Merrill,6
0022500802,1631165,Keon Ellis,2
0022500802,1641772,Nae'Qwan Tomlin,3
0022500802,1642281,Jaylon Tyson,4
0022500817,201935,James Harden,14
0022500817,203471,Dennis Schröder,9
0022500817,1628378,Donovan Mitchell,19
0022500817,1628386,Jarrett Allen,6
0022500817,1629731,Dean Wade,1
0022500817,1630241,Sam Merrill,12
0022500817,1630596,Evan Mobley,11
0022500817,1631165,Keon Ellis,7
0022500817,1641772,Nae'Qwan Tomlin,3
0022500817,1642281,Jaylon Tyson,7
0022500835,201935,James Harden,18
0022500835,203471,Dennis Schröder,6
0022500835,1628378,Donovan Mitchell,18
0022500835,1628386,Jarrett Allen,8
0022500835,1628418,Thomas Bryant,2
0022500835,1629731,Dean Wade,9
0022500835,1630241,Sam Merrill,4
0022500835,1630596,Evan Mobley,7
0022500835,1631165,Keon Ellis,3
0022500835,1641772,Nae'Qwan Tomlin,1
0022500835,1642281,Jaylon Tyson,10
0022500835,1642468,Darius Brown,1
0022500846,203471,Dennis Schröder,14
0022500846,1628386,Jarrett Allen,15
0022500846,1628418,Thomas Bryant,8
0022500846,1629731,Dean Wade,4
0022500846,1630241,Sam Merrill,13
0022500846,1631165,Keon Ellis,9
0022500846,1641772,Nae'Qwan Tomlin,4
0022500846,1641854,Craig Porter Jr.,4
0022500846,1642281,Jaylon Tyson,16
0022500858,203471,Dennis Schröder,15
0022500858,1628386,Jarrett Allen,12
0022500858,1628418,Thomas Bryant,12
0022500858,1630241,Sam Merrill,14
0022500858,1630596,Evan Mobley,15
0022500858,1641772,Nae'Qwan Tomlin,5
0022500858,1641854,Craig Porter Jr.,9
0022500858,1642281,Jaylon Tyson,10
0022500858,1642878,Tyrese Proctor,2
0022500869,201935,James Harden,9
0022500869,203471,Dennis Schröder,7
0022500869,1628386,Jarrett Allen,12
0022500869,1628418,Thomas Bryant,3
0022500869,1630241,Sam Merrill,8
0022500869,1630596,Evan Mobley,12
0022500869,1631165,Keon Ellis,5
0022500869,1641772,Nae'Qwan Tomlin,3
0022500869,1641854,Craig Porter Jr.,4
0022500869,1642281,Jaylon Tyson,7
0022500884,201935,James Harden,17
0022500884,203471,Dennis Schröder,10
0022500884,1628386,Jarrett Allen,7
0022500884,1628418,Thomas Bryant,5
0022500884,1630241,Sam Merrill,10
0022500884,1630596,Evan Mobley,9
0022500884,1631165,Keon Ellis,5
0022500884,1641854,Craig Porter Jr.,8
0022500884,1642281,Jaylon Tyson,15
0022500921,201935,James Harden,16
0022500921,203471,Dennis Schröder,4
0022500921,1628378,Donovan Mitchell,18
0022500921,1628418,Thomas Bryant,6
0022500921,1629731,Dean Wade,5
0022500921,1630241,Sam Merrill,9
0022500921,1630596,Evan Mobley,19
0022500921,1631165,Keon Ellis,1
0022500921,1642281,Jaylon Tyson,8
0022500931,201935,James Harden,11
0022500931,203471,Dennis Schröder,2
0022500931,1628378,Donovan Mitchell,11
0022500931,1628418,Thomas Bryant,9
0022500931,1629731,Dean Wade,9
0022500931,1630241,Sam Merrill,6
0022500931,1630596,Evan Mobley,12
0022500931,1631165,Keon Ellis,9
0022500931,1641772,Nae'Qwan Tomlin,1
0022500931,1641854,Craig Porter Jr.,1
0022500931,1642281,Jaylon Tyson,11
0022500931,1642400,Tristan Enaruna,2
0022500947,201935,James Harden,16
0022500947,203471,Dennis Schröder,5
0022500947,1628378,Donovan Mitchell,24
0022500947,1628418,Thomas Bryant,8
0022500947,1629731,Dean Wade,2
0022500947,1630241,Sam Merrill,8
0022500947,1630596,Evan Mobley,13
0022500947,1631165,Keon Ellis,9
0022500947,1642281,Jaylon Tyson,4
0022500965,201935,James Harden,11
0022500965,203471,Dennis Schröder,8
0022500965,1626204,Larry Nance Jr.,2
0022500965,1628378,Donovan Mitchell,16
0022500965,1628418,Thomas Bryant,5
0022500965,1629731,Dean Wade,2
0022500965,1630596,Evan Mobley,15
0022500965,1631165,Keon Ellis,9
0022500965,1641772,Nae'Qwan Tomlin,7
0022500965,1641854,Craig Porter Jr.,2
0022500965,1642281,Jaylon Tyson,6
0022500965,1642400,Tristan Enaruna,5
0022500965,1642434,Riley Minix,3
0022500977,201935,James Harden,12
0022500977,203471,Dennis Schröder,5
0022500977,1628378,Donovan Mitchell,24
0022500977,1628418,Thomas Bryant,4
0022500977,1629622,Max Strus,9
0022500977,1629731,Dean Wade,9
0022500977,1630596,Evan Mobley,14
0022500977,1631165,Keon Ellis,7
0022500977,1641772,Nae'Qwan Tomlin,4
0022500995,201935,James Harden,10
0022500995,203471,Dennis Schröder,2
0022500995,1628378,Donovan Mitchell,14
0022500995,1628418,Thomas Bryant,4
0022500995,1629622,Max Strus,6
0022500995,1629731,Dean Wade,8
0022500995,1630241,Sam Merrill,12
0022500995,1630596,Evan Mobley,21
0022500995,1631165,Keon Ellis,4
0022500995,1642281,Jaylon Tyson,5
0022501011,201935,James Harden,23
0022501011,203471,Dennis Schröder,4
0022501011,1628418,Thomas Bryant,5
0022501011,1629622,Max Strus,5
0022501011,1629731,Dean Wade,3
0022501011,1630241,Sam Merrill,12
0022501011,1630596,Evan Mobley,19
0022501011,1631165,Keon Ellis,6
0022501011,1642281,Jaylon Tyson,14
0022501025,201935,James Harden,17
0022501025,203471,Dennis Schröder,4
0022501025,1628378,Donovan Mitchell,23
0022501025,1628418,Thomas Bryant,7
0022501025,1629622,Max Strus,5
0022501025,1629731,Dean Wade,6
0022501025,1630241,Sam Merrill,9
0022501025,1630596,Evan Mobley,10
0022501025,1631165,Keon Ellis,6
0022501025,1641772,Nae'Qwan Tomlin,1
0022501049,201935,James Harden,16
0022501049,203471,Dennis Schröder,5
0022501049,1628378,Donovan Mitchell,22
0022501049,1628418,Thomas Bryant,4
0022501049,1629622,Max Strus,10
0022501049,1629731,Dean Wade,4
0022501049,1630241,Sam Merrill,11
0022501049,1630596,Evan Mobley,8
0022501049,1631165,Keon Ellis,1
0022501055,201935,James Harden,10
0022501055,203471,Dennis Schröder,5
0022501055,1628378,Donovan Mitchell,22
0022501055,1628418,Thomas Bryant,7
0022501055,1630241,Sam Merrill,13
0022501055,1630596,Evan Mobley,8
0022501055,1631165,Keon Ellis,12
0022501055,1641772,Nae'Qwan Tomlin,3
0022501055,1642878,Tyrese Proctor,1
0022501068,201935,James Harden,11
0022501068,203471,Dennis Schröder,7
0022501068,1626204,Larry Nance Jr.,1
0022501068,1628378,Donovan Mitchell,10
0022501068,1628386,Jarrett Allen,10
0022501068,1628418,Thomas Bryant,10
0022501068,1629622,Max Strus,14
0022501068,1630241,Sam Merrill,9
0022501068,1630596,Evan Mobley,15
0022501068,1631165,Keon Ellis,5
0022501068,1642434,Riley Minix,3
0022501068,1642878,Tyrese Proctor,2
0022501096,201935,James Harden,9
0022501096,203471,Dennis Schröder,4
0022501096,1628378,Donovan Mitchell,18
0022501096,1628418,Thomas Bryant,3
0022501096,1630241,Sam Merrill,14
0022501096,1630596,Evan Mobley,21
0022501096,1631165,Keon Ellis,10
0022501096,1641772,Nae'Qwan Tomlin,3
0022501096,1641854,Craig Porter Jr.,2
0022501096,1642878,Tyrese Proctor,6
0022501103,201935,James Harden,13
0022501103,203471,Dennis Schröder,7
0022501103,1626204,Larry Nance Jr.,4
0022501103,1628378,Donovan Mitchell,10
0022501103,1628386,Jarrett Allen,11
0022501103,1628418,Thomas Bryant,7
0022501103,1629622,Max Strus,8
0022501103,1630596,Evan Mobley,4
0022501103,1631165,Keon Ellis,6
0022501103,1641772,Nae'Qwan Tomlin,9
0022501103,1641854,Craig Porter Jr.,3
0022501103,1642878,Tyrese Proctor,5
0022501117,201935,James Harden,11
0022501117,203471,Dennis Schröder,7
0022501117,1628378,Donovan Mitchell,14
0022501117,1628386,Jarrett Allen,10
0022501117,1628418,Thomas Bryant,2
0022501117,1629622,Max Strus,14
0022501117,1630241,Sam Merrill,6
0022501117,1630596,Evan Mobley,11
0022501117,1631165,Keon Ellis,7
0022501136,201935,James Harden,17
0022501136,203471,Dennis Schröder,6
0022501136,1626204,Larry Nance Jr.,6
0022501136,1628378,Donovan Mitchell,27
0022501136,1628418,Thomas Bryant,9
0022501136,1629622,Max Strus,10
0022501136,1631165,Keon Ellis,9
0022501136,1641772,Nae'Qwan Tomlin,2
0022501136,1641854,Craig Porter Jr.,4
0022501136,1642878,Tyrese Proctor,2
0022501145,203471,Dennis Schröder,12
0022501145,1626204,Larry Nance Jr.,8
0022501145,1628386,Jarrett Allen,7
0022501145,1630241,Sam Merrill,16
0022501145,1630596,Evan Mobley,11
0022501145,1631165,Keon Ellis,11
0022501145,1641772,Nae'Qwan Tomlin,7
0022501145,1641854,Craig Porter Jr.,7
0022501145,1642400,Tristan Enaruna,2
0022501145,1642878,Tyrese Proctor,8
0022501158,201935,James Harden,23
0022501158,203471,Dennis Schröder,4
0022501158,1628378,Donovan Mitchell,19
0022501158,1628386,Jarrett Allen,9
0022501158,1629622,Max Strus,7
0022501158,1629731,Dean Wade,4
0022501158,1630241,Sam Merrill,3
0022501158,1630596,Evan Mobley,15
0022501158,1631165,Keon Ellis,4
0022501173,201935,James Harden,13
0022501173,203471,Dennis Schröder,8
0022501173,1626204,Larry Nance Jr.,2
0022501173,1629622,Max Strus,9
0022501173,1629731,Dean Wade,1
0022501173,1630596,Evan Mobley,12
0022501173,1630846,Olivier Sarr,1
0022501173,1631165,Keon Ellis,4
0022501173,1641772,Nae'Qwan Tomlin,4
0022501173,1641854,Craig Porter Jr.,3
0022501173,1642281,Jaylon Tyson,15
0022501173,1642400,Tristan Enaruna,4
0022501173,1642434,Riley Minix,2
0022501173,1642878,Tyrese Proctor,8
0022501187,1626204,Larry Nance Jr.,6
0022501187,1629622,Max Strus,9
0022501187,1630846,Olivier Sarr,6
0022501187,1641772,Nae'Qwan Tomlin,16
0022501187,1641854,Craig Porter Jr.,5
0022501187,1642281,Jaylon Tyson,16
0022501187,1642400,Tristan Enaruna,6
0022501187,1642434,Riley Minix,9
0022501187,1642878,Tyrese Proctor,16
0022501212,1628366,Lonzo Ball,6
0022501212,1628378,Donovan Mitchell,31
0022501212,1628418,Thomas Bryant,1
0022501212,1629631,De'Andre Hunter,14
0022501212,1629636,Darius Garland,17
0022501212,1629731,Dean Wade,2
0022501212,1630596,Evan Mobley,17
0022501212,1641772,Nae'Qwan Tomlin,2
0022501212,1641854,Craig Porter Jr.,2
0022501212,1642281,Jaylon Tyson,5
0022501218,1628366,Lonzo Ball,8
0022501218,1628378,Donovan Mitchell,24
0022501218,1628386,Jarrett Allen,8
0022501218,1628418,Thomas Bryant,4
0022501218,1629631,De'Andre Hunter,7
0022501218,1629636,Darius Garland,19
0022501218,1629731,Dean Wade,9
0022501218,1641772,Nae'Qwan Tomlin,3
0022501218,1642281,Jaylon Tyson,13
