rank,player_id,player_name,tracked_fga,tracked_2pa,tracked_2pm,expected_2pt_makes,successful_games,failed_games,pbp_fga_global,two_fg_pct,two_xfg_pct,fg_minus_xfg_pp,xfg_coverage_pct_vs_pbp_fga
1,203999,Nikola Jokić,954,696,459,358.38500000000005,59,6,1132,65.94827586206897,51.49209770114943,14.456178160919535,84.2756183745583
2,1631248,Baylor Scheierman,309,79,52,41.824,64,4,333,65.82278481012658,52.94177215189873,12.881012658227846,92.7927927927928
3,1629029,Luka Doncic,120,59,38,30.855,5,0,1457,64.40677966101696,52.29661016949152,12.110169491525433,8.236101578586135
4,1628379,Luke Kennard,373,171,109,88.696,69,8,443,63.74269005847953,51.86900584795322,11.873684210526314,84.19864559819413
5,1628983,Shai Gilgeous-Alexander,1152,888,556,455.81,62,6,1321,62.612612612612615,51.32995495495496,11.282657657657658,87.20666161998486
6,1629639,Tyler Herro,419,241,143,115.964,30,3,515,59.33609958506224,48.11784232365145,11.218257261410791,81.35922330097087
7,1630557,Corey Kispert,334,131,85,70.63900000000001,54,3,394,64.8854961832061,53.92290076335879,10.962595419847311,84.77157360406092
8,1629029,Luka Dončić,1263,667,383,311.49,57,2,1457,57.42128935532234,46.70014992503748,10.721139430284857,86.68496911461908
9,201142,Kevin Durant,1183,796,463,377.964,71,7,1376,58.165829145728644,47.482914572864324,10.68291457286432,85.97383720930233
10,1627751,Jakob Poeltl,270,270,195,166.528,43,3,310,72.22222222222223,61.67703703703703,10.545185185185197,87.09677419354838
11,1628378,Donovan Mitchell,1280,714,422,347.362,66,4,1403,59.103641456582636,48.650140056022416,10.45350140056022,91.23307198859587
12,203954,Joel Embiid,634,485,275,227.782,37,1,697,56.70103092783505,46.96536082474227,9.73567010309278,90.96126255380202
13,201939,Stephen Curry,717,280,167,139.78,40,3,799,59.642857142857146,49.92142857142857,9.721428571428575,89.73717146433042
14,202685,Jonas Valančiūnas,326,301,190,161.729,57,6,390,63.12292358803987,53.73056478405316,9.39235880398671,83.58974358974359
15,1629640,Keldon Johnson,689,451,286,244.683,76,6,797,63.41463414634146,54.25343680709534,9.161197339246122,86.44918444165621
16,1628368,De'Aaron Fox,913,559,338,290.19599999999997,65,7,1047,60.46511627906977,51.913416815742394,8.551699463327374,87.20152817574021
17,1630230,Naji Marshall,716,530,323,277.719,69,5,821,60.943396226415096,52.399811320754715,8.543584905660381,87.21071863580998
18,1630559,Austin Reaves,719,408,247,212.267,49,2,762,60.53921568627451,52.02622549019608,8.512990196078427,94.35695538057743
19,1641757,Jordan Miller,357,256,160,138.572,54,3,399,62.5,54.1296875,8.370312499999997,89.47368421052632
20,1629627,Zion Williamson,701,697,436,377.879,58,4,807,62.55380200860832,54.21506456241033,8.338737446197989,86.86493184634449
21,1629675,Naz Reid,833,392,227,194.742,76,1,871,57.90816326530612,49.679081632653066,8.229081632653056,95.63719862227325
22,201942,DeMar DeRozan,921,789,421,356.78700000000003,73,4,1005,53.35868187579214,45.22015209125476,8.138529784537383,91.64179104477611
23,1629130,Duncan Robinson,607,133,82,71.54400000000001,73,4,698,61.65413533834587,53.79248120300753,7.861654135338334,86.96275071633238
24,1641729,Brice Sensabaugh,695,330,199,173.39700000000002,66,8,857,60.303030303030305,52.54454545454546,7.758484848484848,81.09684947491249
25,203903,Jordan Clarkson,455,260,149,129.04999999999998,66,4,526,57.30769230769231,49.63461538461538,7.673076923076927,86.50190114068441
26,1629014,Anfernee Simons,609,249,134,114.895,53,2,648,53.81526104417671,46.1425702811245,7.672690763052209,93.98148148148148
27,202695,Kawhi Leonard,1086,695,407,353.68,59,6,1258,58.56115107913669,50.889208633093524,7.671942446043168,86.3275039745628
28,1630200,Tre Jones,513,407,254,223.035,56,9,617,62.40786240786241,54.7997542997543,7.608108108108112,83.14424635332253
29,203501,Tim Hardaway Jr.,682,201,117,101.728,74,6,778,58.208955223880594,50.610945273631835,7.598009950248759,87.66066838046272
30,1630194,Paul Reed,299,262,172,152.154,59,3,339,65.64885496183206,58.074045801526715,7.5748091603053425,88.20058997050147
31,1629655,Daniel Gafford,266,266,182,161.867,49,4,316,68.42105263157895,60.85225563909774,7.568796992481204,84.17721518987342
32,1630568,Luka Garza,315,196,133,118.41,64,3,357,67.85714285714286,60.41326530612245,7.443877551020414,88.23529411764706
33,1630198,Isaiah Joe,468,95,59,52.008,65,6,543,62.10526315789474,54.74526315789474,7.359999999999999,86.1878453038674
34,1630643,Jay Huff,545,209,154,138.738,75,5,611,73.6842105263158,66.38181818181818,7.302392344497619,89.19803600654664
35,204456,T.J. McConnell,422,374,215,188.09799999999998,54,2,450,57.48663101604278,50.29358288770053,7.193048128342248,93.77777777777777
36,1628973,Jalen Brunson,1329,853,454,393.19100000000003,70,4,1475,53.223915592028135,46.09507620164127,7.128839390386865,90.10169491525424
37,1628381,John Collins,551,368,238,212.24900000000002,62,7,659,64.67391304347827,57.676358695652176,6.997554347826089,83.61153262518968
38,1630249,Vít Krejčí,334,81,51,45.495,54,10,430,62.96296296296296,56.166666666666664,6.796296296296298,77.67441860465117
39,1628991,Jaren Jackson Jr.,619,407,218,190.865,44,4,719,53.562653562653566,46.8955773955774,6.667076167076168,86.09179415855354
40,1627750,Jamal Murray,1238,732,391,342.705,70,5,1360,53.41530054644809,46.817622950819676,6.5976775956284115,91.02941176470588
41,1628415,Dillon Brooks,878,531,275,240.19600000000003,54,2,959,51.78907721280603,45.2346516007533,6.554425612052725,91.55370177267987
42,1642349,Ajay Mitchell,509,351,199,176.005,51,6,590,56.6951566951567,50.143874643874646,6.551282051282051,86.27118644067797
43,1629008,Michael Porter Jr.,865,422,246,218.388,48,4,958,58.29383886255924,51.75071090047393,6.543127962085308,90.29227557411274
44,1630178,Tyrese Maxey,1280,757,416,366.855,64,6,1501,54.95376486129459,48.461690885072656,6.492073976221931,85.27648234510326
45,1641774,Tristan Vukcevic,285,156,94,84.172,43,3,317,60.256410256410255,53.95641025641025,6.300000000000004,89.90536277602524
46,1642366,Quinten Post,385,137,89,80.416,59,4,439,64.96350364963503,58.6978102189781,6.265693430656931,87.6993166287016
47,1630631,Jose Alvarado,366,123,69,61.31,58,8,449,56.09756097560975,49.84552845528455,6.252032520325201,81.51447661469933
48,1629004,Svi Mykhailiuk,320,109,69,62.256,46,4,362,63.30275229357798,57.11559633027523,6.18715596330275,88.39779005524862
49,1642844,Dylan Harper,582,421,250,224.334,65,4,656,59.38242280285036,53.28598574821853,6.096437054631828,88.71951219512195
50,1630217,Desmond Bane,1009,642,356,317.319,73,9,1205,55.45171339563863,49.42663551401869,6.025077881619936,83.7344398340249
51,1641713,GG Jackson,469,291,181,163.984,50,2,514,62.19931271477663,56.35189003436427,5.847422680412365,91.24513618677042
52,1626181,Norman Powell,771,414,229,205.036,55,3,895,55.31400966183575,49.52560386473429,5.788405797101454,86.14525139664805
53,1631124,Julian Strawther,259,127,69,61.735,49,5,319,54.330708661417326,48.610236220472444,5.7204724409448815,81.19122257053291
54,1630202,Payton Pritchard,991,481,272,244.93800000000002,75,4,1091,56.54885654885655,50.922661122661125,5.626195426195423,90.83409715857012
55,1629060,Rui Hachimura,563,313,181,163.575,65,3,597,57.82747603833866,52.260383386581466,5.567092651757193,94.30485762144053
56,203468,CJ McCollum,1031,573,303,271.66,73,3,1154,52.87958115183246,47.41012216404887,5.4694589877835895,89.34142114384748
57,203897,Zach LaVine,509,268,154,139.552,38,1,547,57.46268656716418,52.07164179104477,5.391044776119408,93.05301645338209
58,1630558,Davion Mitchell,431,250,142,128.805,64,6,534,56.8,51.522,5.277999999999999,80.71161048689139
59,1627742,Brandon Ingram,1157,837,441,397.52500000000003,73,4,1288,52.68817204301075,47.49402628434886,5.1941457586618895,89.82919254658385
60,1630224,Jalen Green,493,271,142,127.99,31,1,512,52.398523985239855,47.22878228782288,5.169741697416974,96.2890625
61,1631157,Ryan Rollins,912,520,276,249.17100000000002,71,3,1030,53.07692307692308,47.917500000000004,5.159423076923076,88.54368932038835
62,203084,Harrison Barnes,509,190,112,102.20100000000001,72,5,576,58.94736842105263,53.79,5.157368421052631,88.36805555555556
63,1631105,Jalen Duren,667,666,449,415.215,65,5,803,67.41741741741741,62.3445945945946,5.072822822822815,83.06351183063512
64,1626164,Devin Booker,1109,757,399,360.65500000000003,62,2,1198,52.70805812417437,47.64266842800529,5.065389696169085,92.57095158597663
65,1630583,Santi Aldama,423,236,142,130.169,40,3,476,60.16949152542373,55.1563559322034,5.013135593220333,88.8655462184874
66,1642875,Maxime Raynaud,608,543,337,310.209,70,4,671,62.06261510128913,57.12872928176796,4.933885819521173,90.61102831594634
67,1629028,Deandre Ayton,544,544,371,344.972,69,3,601,68.19852941176471,63.41397058823529,4.784558823529423,90.51580698835275
68,1630314,Brandon Williams,535,394,227,208.294,62,4,617,57.61421319796954,52.86649746192894,4.747715736040604,86.70988654781199
69,203497,Rudy Gobert,450,445,315,293.956,75,1,491,70.78651685393258,66.05752808988764,4.728988764044942,91.64969450101833
70,1630168,Onyeka Okongwu,702,391,233,214.554,66,8,859,59.59079283887468,54.87314578005115,4.717647058823523,81.72293364377182
71,1642962,Drake Powell,316,152,85,78.05900000000001,54,5,358,55.921052631578945,51.35460526315791,4.566447368421038,88.26815642458101
72,1642851,Kon Knueppel,932,366,211,194.621,74,7,1084,57.650273224043715,53.175136612021866,4.475136612021849,85.97785977859779
73,1630170,Devin Vassell,660,274,147,134.867,61,6,755,53.64963503649635,49.22153284671533,4.428102189781022,87.41721854304636
74,1630180,Saddiq Bey,849,480,258,236.95499999999998,67,5,967,53.75,49.365625,4.384374999999999,87.79731127197518
75,1629632,Coby White,535,257,133,121.95100000000001,43,6,623,51.750972762645915,47.451750972762646,4.299221789883269,85.87479935794542
76,1641705,Victor Wembanyama,959,642,379,351.884,59,5,1080,59.034267912772584,54.81059190031153,4.2236760124610555,88.79629629629629
77,1629636,Darius Garland,591,315,167,153.813,43,2,672,53.01587301587302,48.829523809523806,4.186349206349213,87.94642857142857
78,203924,Jerami Grant,586,293,157,144.734,48,9,730,53.58361774744027,49.39726962457338,4.186348122866889,80.27397260273973
79,203114,Khris Middleton,479,311,149,136.035,61,2,540,47.90996784565916,43.741157556270096,4.168810289389064,88.70370370370371
80,1627759,Jaylen Brown,1384,1013,549,507.039,68,3,1543,54.19545903257651,50.05320829220138,4.142250740375125,89.6953985742061
81,1629628,RJ Barrett,731,473,278,258.495,54,3,816,58.77378435517971,54.65010570824524,4.123678646934465,89.58333333333333
82,1628404,Josh Hart,535,317,185,171.983,63,3,592,58.359621451104104,54.25331230283911,4.106309148264991,90.37162162162163
83,1630560,Cam Thomas,408,255,127,116.575,40,2,460,49.80392156862745,45.71568627450981,4.088235294117645,88.69565217391305
84,1628386,Jarrett Allen,467,458,300,281.391,54,2,528,65.50218340611353,61.43908296943232,4.063100436681211,88.4469696969697
85,1626171,Bobby Portis,704,423,220,202.938,66,1,750,52.009456264775416,47.97588652482269,4.033569739952725,93.86666666666666
86,1628989,Kevin Huerter,535,238,153,143.46,65,4,596,64.28571428571429,60.27731092436975,4.008403361344541,89.76510067114094
87,201935,James Harden,988,480,242,222.887,64,6,1123,50.416666666666664,46.43479166666667,3.981874999999995,87.9786286731968
88,1630162,Anthony Edwards,1166,677,377,350.05100000000004,60,1,1231,55.68685376661743,51.70620384047268,3.98064992614475,94.71974004874086
89,1628960,Grayson Allen,569,172,94,87.364,48,3,667,54.651162790697676,50.79302325581395,3.858139534883726,85.30734632683658
90,1641730,Noah Clowney,590,217,114,105.833,63,3,631,52.534562211981566,48.77096774193548,3.763594470046087,93.50237717908082
91,1642285,Cam Spencer,489,200,100,92.61200000000001,66,6,556,50.0,46.306000000000004,3.6939999999999955,87.94964028776978
92,1628963,Marvin Bagley III,363,314,206,194.436,57,2,411,65.60509554140127,61.92229299363058,3.6828025477706916,88.32116788321167
93,1629645,Kevin Porter Jr.,448,322,171,159.911,35,3,514,53.1055900621118,49.661801242236024,3.4437888198757776,87.15953307392996
94,1631170,Jaime Jaquez Jr.,762,602,336,315.297,70,5,915,55.81395348837209,52.374916943521605,3.439036544850488,83.27868852459017
95,1630596,Evan Mobley,791,587,379,358.85,63,2,859,64.5655877342419,61.132879045996596,3.432708688245306,92.0838183934808
96,1630611,Gui Santos,435,224,144,136.326,62,2,460,64.28571428571429,60.85982142857142,3.4258928571428697,94.56521739130434
97,201950,Jrue Holiday,571,286,150,140.704,44,9,709,52.44755244755245,49.1972027972028,3.250349650349648,80.53596614950635
98,1628976,Wendell Carter Jr.,538,341,211,200.48,70,8,637,61.87683284457478,58.79178885630498,3.0850439882697955,84.45839874411303
99,1630578,Alperen Sengun,968,846,482,456.138,65,6,1123,56.973995271867615,53.91702127659574,3.056973995271875,86.19768477292965
100,1642907,Cedric Coward,566,323,182,172.61499999999998,56,6,648,56.34674922600619,53.441176470588225,2.905572755417964,87.34567901234568
101,1627826,Ivica Zubac,403,403,234,222.389,42,6,482,58.064516129032256,55.18337468982631,2.8811414392059476,83.60995850622406
102,1630549,Day'Ron Sharpe,329,294,192,183.582,60,2,356,65.3061224489796,62.44285714285714,2.8632653061224502,92.41573033707866
103,1629111,Jock Landale,477,302,185,176.538,63,5,548,61.258278145695364,58.45629139072849,2.801986754966876,87.04379562043796
104,1641707,Taylor Hendricks,300,142,85,81.052,51,5,355,59.859154929577464,57.078873239436625,2.780281690140839,84.50704225352112
105,202699,Tobias Harris,561,368,206,195.97,59,4,659,55.97826086956522,53.25271739130435,2.7255434782608674,85.12898330804249
106,1631114,Jalen Williams,391,327,177,168.09900000000002,31,2,446,54.12844036697248,51.40642201834863,2.7220183486238483,87.66816143497758
107,1630193,Immanuel Quickley,824,388,200,189.644,66,4,905,51.54639175257732,48.87731958762887,2.669072164948453,91.04972375690608
108,1629611,Terance Mann,325,179,99,94.285,59,4,367,55.3072625698324,52.6731843575419,2.634078212290504,88.5558583106267
109,1631096,Chet Holmgren,644,437,279,267.814,62,7,779,63.84439359267734,61.284668192219684,2.5597254004576584,82.67008985879332
110,203944,Julius Randle,1146,805,457,436.705,78,1,1207,56.77018633540373,54.249068322981365,2.521118012422363,94.94614747307374
111,1641824,Matas Buzelis,818,394,239,229.09,67,10,963,60.65989847715736,58.14467005076142,2.515228426395943,84.94288681204569
112,1628374,Lauri Markkanen,644,376,216,206.74099999999999,37,5,805,57.4468085106383,54.98430851063829,2.4625000000000057,80.0
113,1630700,Dyson Daniels,638,540,317,303.924,68,8,777,58.7037037037037,56.28222222222222,2.421481481481486,82.1106821106821
114,1629638,Nickeil Alexander-Walker,991,460,248,236.977,71,7,1195,53.91304347826087,51.516739130434786,2.3963043478260815,82.92887029288703
115,1629018,Gary Trent Jr.,421,121,57,54.133,62,3,473,47.107438016528924,44.73801652892562,2.3694214876033044,89.00634249471459
116,1642259,Alex Sarr,565,432,239,228.772,46,2,656,55.324074074074076,52.95648148148148,2.367592592592594,86.1280487804878
117,1631128,Christian Braun,305,193,132,127.46300000000001,39,5,389,68.39378238341969,66.04300518134716,2.3507772020725355,78.40616966580977
118,1629674,Neemias Queta,439,433,291,280.85200000000003,72,4,499,67.20554272517322,64.86189376443419,2.3436489607390314,87.97595190380761
119,1642345,Oso Ighodaro,335,335,225,217.191,78,2,366,67.16417910447761,64.8331343283582,2.3310447761194126,91.53005464480874
120,202696,Nikola Vučević,690,450,249,238.58,57,6,799,55.333333333333336,53.01777777777778,2.315555555555555,86.35794743429287
121,203507,Giannis Antetokounmpo,564,520,335,322.97200000000004,35,0,598,64.42307692307692,62.11000000000001,2.3130769230769133,94.31438127090301
122,1627780,Gary Payton II,392,269,193,186.804,63,3,415,71.74721189591078,69.44386617100372,2.303345724907061,94.4578313253012
123,1630595,Cade Cunningham,1013,690,358,342.118,60,4,1189,51.88405797101449,49.58231884057972,2.3017391304347754,85.19764507989908
124,1642848,Tre Johnson,574,284,138,131.498,56,4,647,48.59154929577465,46.30211267605633,2.289436619718316,88.71715610510046
125,1642263,Reed Sheppard,794,305,157,150.022,74,8,946,51.47540983606557,49.18754098360655,2.2878688524590203,83.9323467230444
126,1641718,Keyonte George,790,456,243,232.60000000000002,50,4,881,53.28947368421053,51.00877192982457,2.2807017543859587,89.67082860385925
127,1641739,Toumani Camara,713,236,142,136.725,70,12,891,60.16949152542373,57.934322033898304,2.2351694915254257,80.02244668911335
128,1630552,Jalen Johnson,1020,738,405,388.737,66,6,1228,54.8780487804878,52.674390243902444,2.2036585365853583,83.06188925081433
129,1627783,Pascal Siakam,1041,771,416,399.108,58,4,1155,53.95590142671855,51.76498054474708,2.190920881971465,90.12987012987013
130,1630572,Sandro Mamukelashvili,588,307,203,196.33,77,3,631,66.12377850162866,63.95114006514658,2.1726384364820817,93.18541996830427
131,1628975,Jevon Carter,259,73,33,31.471000000000004,45,6,307,45.205479452054796,43.110958904109594,2.0945205479452014,84.36482084690553
132,1642843,Cooper Flagg,995,785,420,403.57500000000005,65,5,1194,53.503184713375795,51.41082802547771,2.092356687898082,83.33333333333333
133,203484,Kentavious Caldwell-Pope,334,177,91,87.38900000000001,48,3,366,51.41242937853107,49.3723163841808,2.040112994350274,91.2568306010929
134,1630567,Scottie Barnes,1024,815,467,450.41200000000003,76,4,1123,57.30061349693251,55.26527607361964,2.0353374233128747,91.18432769367764
135,1641765,Olivier-Maxence Prosper,297,166,109,105.624,47,3,350,65.66265060240964,63.6289156626506,2.033734939759043,84.85714285714286
136,1630538,Bones Hyland,458,163,92,88.708,67,0,468,56.441717791411044,54.422085889570546,2.019631901840498,97.86324786324786
137,1630551,Justin Champagnie,370,236,151,146.256,60,6,462,63.983050847457626,61.9728813559322,2.0101694915254242,80.08658008658008
138,1641796,Pelle Larsson,457,291,180,174.276,65,4,559,61.855670103092784,59.88865979381444,1.9670103092783435,81.7531305903399
139,1630530,Trey Murphy III,919,419,253,244.806,60,6,1050,60.381861575178995,58.42625298329356,1.9556085918854365,87.52380952380952
140,1629013,Landry Shamet,333,90,52,50.246,48,2,364,57.77777777777778,55.82888888888889,1.948888888888888,91.48351648351648
141,202331,Paul George,479,238,118,113.65,36,1,513,49.57983193277311,47.752100840336134,1.8277310924369772,93.37231968810916
142,1630183,Jaden McDaniels,769,522,290,280.504,72,1,809,55.55555555555556,53.736398467432956,1.8191570881226014,95.05562422744129
143,1628969,Mikal Bridges,883,496,293,284.70399999999995,77,4,963,59.07258064516129,57.39999999999999,1.6725806451612968,91.6926272066459
144,1631165,Keon Ellis,360,123,75,72.943,66,2,384,60.97560975609756,59.30325203252033,1.6723577235772353,93.75
145,1631172,Ousmane Dieng,305,154,76,73.468,49,7,398,49.35064935064935,47.70649350649351,1.64415584415584,76.63316582914572
146,1631126,Caleb Love,407,161,80,77.381,43,5,490,49.68944099378882,48.062732919254664,1.6267080745341573,83.06122448979592
147,1630163,LaMelo Ball,1090,441,214,207.244,67,5,1244,48.52607709750567,46.99410430839003,1.5319727891156418,87.62057877813506
148,1642852,Derik Queen,641,558,294,285.524,75,6,748,52.68817204301075,51.16917562724014,1.5189964157706086,85.6951871657754
149,2544,LeBron James,833,613,357,348.423,56,4,919,58.23817292006525,56.83898858075041,1.3991843393148429,90.64200217627857
150,1630702,Jaden Hardy,350,131,64,62.168,51,4,429,48.85496183206107,47.45648854961832,1.398473282442751,81.58508158508158
151,1630311,Pat Spencer,391,241,118,114.691,58,4,436,48.96265560165975,47.5896265560166,1.3730290456431504,89.6788990825688
152,1642272,Jared McCain,434,201,97,94.301,60,5,480,48.25870646766169,46.91592039800995,1.342786069651737,90.41666666666667
153,1630191,Isaiah Stewart,341,234,146,142.875,54,4,402,62.39316239316239,61.05769230769231,1.3354700854700852,84.82587064676616
154,1628970,Miles Bridges,904,511,279,272.50600000000003,70,7,1042,54.59882583170254,53.3279843444227,1.2708414872798386,86.75623800383877
155,1630241,Sam Merrill,442,95,54,52.984,49,3,484,56.8421052631579,55.772631578947376,1.0694736842105215,91.32231404958678
156,1626167,Myles Turner,572,217,120,117.681,69,2,646,55.29953917050691,54.230875576036865,1.0686635944700456,88.54489164086688
157,1630591,Jalen Suggs,531,234,128,125.50499999999998,49,8,649,54.7008547008547,53.63461538461538,1.0662393162393187,81.81818181818181
158,1630245,Ayo Dosunmu,682,415,239,234.62800000000001,66,3,747,57.59036144578313,56.536867469879525,1.0534939759036064,91.29852744310575
159,1626162,Kelly Oubre Jr.,435,240,130,127.519,45,5,544,54.166666666666664,53.132916666666674,1.0337499999999906,79.96323529411765
160,1628401,Derrick White,1012,419,213,208.84799999999998,73,4,1108,50.83532219570406,49.844391408114554,0.9909307875895053,91.33574007220217
161,1641764,Brandin Podziemski,786,407,219,214.976,77,5,866,53.80835380835381,52.819656019656016,0.9886977886977917,90.7621247113164
162,1629001,De'Anthony Melton,487,253,134,131.553,48,1,528,52.96442687747036,51.997233201581025,0.9671936758893338,92.23484848484848
163,1631230,Dominick Barlow,339,266,172,169.428,66,3,400,64.66165413533835,63.69473684210526,0.9669172932330952,84.75
164,1630173,Precious Achiuwa,534,443,265,260.872,70,2,598,59.81941309255079,58.88758465011287,0.9318284424379186,89.29765886287625
165,203935,Marcus Smart,444,170,85,83.567,60,2,476,50.0,49.157058823529404,0.8429411764705961,93.27731092436974
166,1631101,Shaedon Sharpe,727,474,247,243.437,45,5,868,52.10970464135021,51.358016877637134,0.751687763713079,83.7557603686636
167,1627884,Derrick Jones Jr.,330,197,125,123.54400000000001,47,3,379,63.45177664974619,62.712690355329954,0.7390862944162393,87.0712401055409
168,1629012,Collin Sexton,662,406,216,213.125,64,4,742,53.20197044334975,52.49384236453202,0.7081280788177295,89.21832884097034
169,1629614,Andrew Nembhard,689,419,213,210.24399999999997,54,3,753,50.83532219570406,50.177565632458226,0.6577565632458331,91.50066401062416
170,1642271,Kyle Filipowski,559,360,216,213.742,70,7,657,60.0,59.37277777777778,0.6272222222222226,85.08371385083714
171,1630532,Franz Wagner,407,295,155,153.209,29,5,507,52.54237288135593,51.935254237288135,0.6071186440677963,80.27613412228797
172,1642860,Will Riley,509,305,163,161.322,65,6,618,53.442622950819676,52.892459016393445,0.5501639344262301,82.36245954692556
173,1630166,Deni Avdija,873,540,296,293.349,55,10,1065,54.81481481481482,54.32388888888889,0.49092592592592865,81.97183098591549
174,1627739,Kris Dunn,411,214,128,127.033,75,7,477,59.81308411214953,59.36121495327102,0.45186915887850887,86.16352201257861
175,1630696,Dru Smith,254,147,74,73.35900000000001,64,5,325,50.34013605442177,49.90408163265307,0.4360544217687021,78.15384615384616
176,201572,Brook Lopez,508,212,109,108.10900000000001,71,3,542,51.41509433962264,50.99481132075472,0.4202830188679201,93.7269372693727
177,1631099,Keegan Murray,278,174,88,87.269,22,1,300,50.57471264367816,50.154597701149434,0.42011494252872694,92.66666666666667
178,1631212,Peyton Watson,494,319,175,173.66400000000002,51,2,581,54.858934169278996,54.440125391849534,0.41880877742946154,85.02581755593803
179,1631097,Bennedict Mathurin,637,407,206,204.318,54,0,677,50.614250614250615,50.20098280098281,0.41326781326780804,94.09158050221566
180,1629651,Nic Claxton,518,500,301,299.064,65,4,583,60.2,59.8128,0.3872,88.8507718696398
181,1631217,Moussa Diabaté,309,307,196,194.941,67,6,363,63.843648208469055,63.49869706840391,0.3449511400651488,85.12396694214875
182,1641710,Anthony Black,659,397,208,206.633,58,5,773,52.39294710327456,52.048614609571786,0.3443324937027725,85.2522639068564
183,1631260,AJ Green,531,56,28,27.831000000000003,73,5,618,50.0,49.69821428571429,0.3017857142857068,85.92233009708738
184,1642267,Bub Carrington,635,273,127,126.585,76,6,741,46.52014652014652,46.36813186813187,0.1520146520146497,85.69500674763833
185,1626157,Karl-Anthony Towns,920,638,364,363.187,71,4,1032,57.05329153605015,56.92586206896552,0.12742946708463165,89.14728682170542
186,1642377,Jaylen Wells,628,296,153,152.788,64,5,698,51.689189189189186,51.61756756756757,0.07162162162161678,89.97134670487107
187,1642954,Will Richard,319,124,84,83.973,64,3,346,67.74193548387096,67.72016129032258,0.021774193548381504,92.19653179190752
188,1631222,Jake LaRavia,487,256,153,152.95499999999998,78,3,523,59.765625,59.74804687499999,0.017578125000007105,93.11663479923519
189,1630577,Julian Champagnie,622,159,98,98.012,76,6,689,61.63522012578616,61.64276729559749,-0.00754716981132475,90.27576197387518
190,203076,Anthony Davis,289,254,140,140.035,19,1,334,55.118110236220474,55.131889763779526,-0.013779527559051985,86.52694610778443
191,1629023,P.J. Washington,574,362,197,197.272,52,4,658,54.41988950276243,54.495027624309394,-0.07513812154696353,87.23404255319149
192,1642270,Donovan Clingan,529,328,216,216.247,67,10,684,65.85365853658537,65.92896341463415,-0.07530487804878305,77.3391812865497
193,203994,Jusuf Nurkić,315,250,137,137.562,38,3,358,54.8,55.024800000000006,-0.224800000000009,87.98882681564245
194,1627936,Alex Caruso,272,106,64,64.28200000000001,52,3,300,60.37735849056604,60.6433962264151,-0.26603773584906065,90.66666666666667
195,1631221,Collin Gillespie,764,243,113,113.689,77,3,842,46.50205761316872,46.785596707818925,-0.28353909465020166,90.73634204275534
196,203952,Andrew Wiggins,692,403,217,218.245,64,4,821,53.84615384615385,54.155086848635236,-0.308933002481389,84.28745432399512
197,1630573,Sam Hauser,548,81,46,46.292,74,4,601,56.79012345679013,57.150617283950616,-0.3604938271604894,91.18136439267887
198,1642867,Collin Murray-Boyles,299,250,156,157.014,51,4,342,62.4,62.805600000000005,-0.40560000000000684,87.42690058479532
199,1628398,Kyle Kuzma,621,396,221,222.65,67,2,689,55.80808080808081,56.224747474747474,-0.4166666666666643,90.13062409288824
200,1629630,Ja Morant,311,230,109,110.10300000000001,20,0,322,47.391304347826086,47.8708695652174,-0.4795652173913112,96.58385093167702
201,1629631,De'Andre Hunter,469,242,125,126.184,44,1,501,51.65289256198347,52.14214876033058,-0.4892561983471069,93.6127744510978
202,1642268,Isaiah Collier,387,309,180,181.961,52,7,515,58.25242718446602,58.887055016181236,-0.6346278317152141,75.14563106796116
203,202710,Jimmy Butler III,391,314,183,185.043,34,4,461,58.28025477707006,58.93089171974522,-0.6506369426751561,84.81561822125813
204,1642846,Ace Bailey,755,415,222,224.78300000000002,65,7,892,53.493975903614455,54.16457831325302,-0.6706024096385619,84.64125560538116
205,203932,Aaron Gordon,346,208,120,121.56200000000001,34,2,398,57.69230769230769,58.44326923076923,-0.7509615384615387,86.93467336683418
206,1631109,Mark Williams,347,346,223,225.648,57,3,438,64.45086705202313,65.21618497109826,-0.7653179190751302,79.22374429223744
207,1630581,Josh Giddey,595,368,185,187.868,47,7,717,50.27173913043478,51.051086956521736,-0.7793478260869549,82.98465829846583
208,201566,Russell Westbrook,783,420,218,221.37400000000002,62,2,839,51.904761904761905,52.70809523809524,-0.8033333333333346,93.3253873659118
209,1630540,Miles McBride,376,117,56,56.985,39,2,404,47.863247863247864,48.705128205128204,-0.8418803418803407,93.06930693069307
210,1629673,Jordan Poole,400,135,60,61.188,38,1,444,44.44444444444444,45.324444444444445,-0.8800000000000026,90.09009009009009
211,1631119,Jaylin Williams,289,72,38,38.661,57,7,352,52.77777777777778,53.69583333333334,-0.9180555555555614,82.10227272727273
212,1630188,Jalen Smith,350,159,95,96.606,47,6,403,59.74842767295598,60.75849056603773,-1.0100628930817521,86.848635235732
213,1629656,Quentin Grimes,633,305,176,179.15400000000002,69,6,755,57.704918032786885,58.739016393442625,-1.0340983606557401,83.84105960264901
214,1631095,Jabari Smith Jr.,808,393,210,214.264,70,7,974,53.43511450381679,54.52010178117049,-1.0849872773536973,82.95687885010267
215,1641783,Tristan da Silva,515,249,131,133.713,68,9,620,52.610441767068274,53.699999999999996,-1.0895582329317222,83.06451612903226
216,1631094,Paolo Banchero,992,758,398,406.642,65,7,1152,52.5065963060686,53.6467018469657,-1.1401055408970961,86.11111111111111
217,1630541,Moses Moody,496,160,85,86.883,56,4,557,53.125,54.301874999999995,-1.1768749999999955,89.04847396768402
218,1642273,Kyshawn George,548,292,146,149.522,48,0,577,50.0,51.20616438356164,-1.2061643835616422,94.97400346620451
219,204001,Kristaps Porziņģis,364,212,106,108.748,31,1,388,50.0,51.296226415094345,-1.2962264150943454,93.81443298969072
220,1628389,Bam Adebayo,921,581,299,306.649,68,5,1145,51.46299483648881,52.77951807228916,-1.3165232358003465,80.43668122270742
221,1641708,Amen Thompson,859,760,448,458.54100000000005,71,8,1044,58.94736842105263,60.33434210526317,-1.3869736842105382,82.27969348659003
222,1630171,Isaac Okoro,400,207,118,121.44800000000001,57,6,458,57.00483091787439,58.67053140096619,-1.665700483091797,87.33624454148472
223,1631108,Max Christie,634,243,127,131.074,72,5,725,52.26337448559671,53.939917695473255,-1.6765432098765487,87.44827586206897
224,1627741,Buddy Hield,275,90,54,55.572,45,5,327,60.0,61.74666666666668,-1.7466666666666768,84.09785932721712
225,1642262,Cody Williams,436,314,179,184.642,56,6,509,57.00636942675159,58.8031847133758,-1.7968152866242093,85.6581532416503
226,1628384,OG Anunoby,730,356,215,221.432,64,3,804,60.39325842696629,62.19999999999999,-1.8067415730336975,90.79601990049751
227,1629661,Cameron Johnson,401,175,98,101.54799999999999,48,6,475,56.0,58.027428571428565,-2.0274285714285654,84.42105263157895
228,1642383,Walter Clayton Jr.,415,192,96,99.969,65,4,461,50.0,52.067187499999996,-2.0671874999999957,90.02169197396964
229,1641706,Brandon Miller,891,429,214,223.714,59,6,1044,49.883449883449885,52.14778554778555,-2.2643356643356682,85.34482758620689
230,1642281,Jaylon Tyson,593,319,178,185.226,62,4,670,55.79937304075235,58.06457680250783,-2.2652037617554797,88.50746268656717
231,1641842,Ronald Holland II,475,294,159,165.79,71,5,544,54.08163265306123,56.39115646258504,-2.30952380952381,87.31617647058823
232,201143,Al Horford,301,109,60,62.553000000000004,44,1,325,55.04587155963303,57.388073394495414,-2.3422018348623865,92.61538461538461
233,1642948,Ryan Nembhard,338,221,97,102.191,54,3,390,43.89140271493213,46.240271493212674,-2.348868778280547,86.66666666666667
234,1642348,Justin Edwards,270,108,57,59.69,51,6,320,52.77777777777778,55.26851851851852,-2.4907407407407405,84.375
235,1627824,Guerschon Yabusele,272,96,46,48.429,56,4,312,47.916666666666664,50.446875000000006,-2.5302083333333414,87.17948717948718
236,1641717,Cason Wallace,484,231,126,131.869,69,8,584,54.54545454545455,57.08614718614719,-2.5406926406926402,82.87671232876713
237,1628971,Bruce Brown,464,330,175,183.40200000000002,76,6,522,53.03030303030303,55.57636363636364,-2.546060606060607,88.88888888888889
238,1642258,Zaccharie Risacher,426,210,117,122.67099999999999,58,9,536,55.714285714285715,58.414761904761896,-2.7004761904761807,79.4776119402985
239,1642264,Stephon Castle,703,491,255,268.44100000000003,63,5,815,51.93482688391039,54.67230142566192,-2.7374745417515314,86.25766871165644
240,1642874,Danny Wolf,412,211,107,112.834,54,1,440,50.71090047393365,53.47582938388626,-2.7649289099526086,93.63636363636364
241,1628370,Malik Monk,572,281,135,142.913,59,3,632,48.04270462633452,50.858718861209965,-2.816014234875446,90.50632911392405
242,1631107,Nikola Jović,262,123,60,63.478,41,3,315,48.78048780487805,51.608130081300814,-2.8276422764227647,83.17460317460318
243,1629750,Javonte Green,363,137,80,84.10499999999999,76,4,414,58.394160583941606,61.390510948905096,-2.99635036496349,87.68115942028986
244,1642845,VJ Edgecombe,845,491,253,268.721,68,7,1030,51.527494908350306,54.72932790224032,-3.201832993890015,82.03883495145631
245,1642920,Kobe Sanders,340,167,88,93.504,63,4,384,52.69461077844311,55.99041916167664,-3.2958083832335276,88.54166666666667
246,1630174,Aaron Nesmith,480,213,98,105.046,43,2,512,46.009389671361504,49.31737089201878,-3.3079812206572754,93.75
247,1641772,Nae'Qwan Tomlin,273,171,109,114.66600000000001,57,3,314,63.74269005847953,67.0561403508772,-3.3134502923976683,86.94267515923566
248,203471,Dennis Schröder,597,376,170,183.237,68,2,629,45.212765957446805,48.733244680851065,-3.52047872340426,94.91255961844197
249,1630598,Aaron Wiggins,473,232,115,123.30199999999999,61,4,536,49.56896551724138,53.147413793103446,-3.5784482758620655,88.24626865671642
250,1630533,Ziaire Williams,382,162,90,96.01,51,5,433,55.55555555555556,59.26543209876543,-3.709876543209873,88.2217090069284
251,1642276,Kel'el Ware,527,329,203,215.455,71,5,649,61.702127659574465,65.48784194528875,-3.7857142857142847,81.20184899845917
252,1642266,Ja'Kobe Walter,369,118,63,67.495,67,4,404,53.389830508474574,57.19915254237288,-3.8093220338983045,91.33663366336634
253,1641731,Bilal Coulibaly,468,284,149,159.823,52,4,541,52.46478873239437,56.275704225352115,-3.810915492957747,86.50646950092421
254,1630544,Tre Mann,253,122,54,58.747,47,3,303,44.26229508196721,48.15327868852459,-3.890983606557377,83.4983498349835
255,1641716,Jarace Walker,652,328,151,164.154,72,4,733,46.03658536585366,50.0469512195122,-4.010365853658541,88.94952251023193
256,1641767,Ben Sheppard,340,131,73,78.501,61,4,387,55.725190839694655,59.92442748091603,-4.1992366412213755,87.85529715762274
257,1642363,Nique Clifford,559,334,163,177.245,70,2,596,48.80239520958084,53.06736526946108,-4.264970059880241,93.79194630872483
258,1627747,Caris LeVert,338,177,92,99.601,56,4,391,51.9774011299435,56.27175141242938,-4.29435028248588,86.44501278772378
259,1642847,Jeremiah Fears,874,599,295,320.84900000000005,76,6,1006,49.248747913188645,53.56410684474125,-4.315358931552602,86.87872763419483
260,1641712,Rayan Rupert,264,147,70,76.48,48,7,313,47.61904761904762,52.02721088435374,-4.408163265306122,84.34504792332268
261,1641709,Ausar Thompson,469,449,249,269.159,67,5,577,55.45657015590201,59.946325167037855,-4.489755011135848,81.28249566724436
262,1642879,Ben Saraf,251,168,79,86.799,39,4,303,47.023809523809526,51.666071428571435,-4.642261904761909,82.83828382838284
263,202691,Klay Thompson,641,175,70,78.202,64,5,728,40.0,44.68685714285714,-4.686857142857143,88.04945054945055
264,1642450,Daniss Jenkins,482,315,145,159.928,64,5,568,46.03174603174603,50.77079365079365,-4.739047619047618,84.85915492957747
265,1641711,Gradey Dick,336,172,95,103.198,67,4,383,55.23255813953488,59.99883720930232,-4.766279069767442,87.72845953002611
266,1630529,Herbert Jones,400,178,88,96.563,51,5,478,49.438202247191015,54.24887640449439,-4.810674157303374,83.68200836820084
267,1642856,Egor Dëmin,414,114,51,56.669,49,3,449,44.73684210526316,49.709649122807015,-4.9728070175438575,92.20489977728285
268,1629652,Luguentz Dort,463,131,67,73.646,64,5,524,51.14503816793893,56.21832061068702,-5.073282442748095,88.3587786259542
269,203110,Draymond Green,440,158,90,98.137,63,5,491,56.962025316455694,62.1120253164557,-5.150000000000006,89.61303462321793
270,203083,Andre Drummond,252,174,98,106.988,56,5,337,56.32183908045977,61.48735632183907,-5.165517241379305,74.77744807121661
271,1631106,Tari Eason,453,242,122,134.518,52,8,580,50.413223140495866,55.58595041322314,-5.172727272727272,78.10344827586206
272,1630692,Jordan Goodwin,488,216,102,113.28,67,3,555,47.22222222222222,52.44444444444444,-5.222222222222221,87.92792792792793
273,1642849,Nolan Traore,452,271,119,133.403,53,2,479,43.91143911439114,49.22619926199262,-5.314760147601476,94.36325678496868
274,1642346,Ryan Dunn,312,162,98,107.028,65,3,362,60.49382716049383,66.06666666666668,-5.572839506172848,86.1878453038674
275,1630228,Jonathan Kuminga,277,186,95,106.057,30,6,339,51.075268817204304,57.01989247311828,-5.944623655913979,81.71091445427729
276,1642265,Rob Dillingham,360,246,110,124.976,60,4,412,44.71544715447155,50.80325203252033,-6.087804878048779,87.37864077669903
277,1630703,Scoot Henderson,257,136,63,71.434,23,7,342,46.3235294117647,52.525,-6.201470588235296,75.14619883040936
278,1631245,Quenton Jackson,281,175,90,101.432,45,3,328,51.42857142857143,57.96114285714286,-6.53257142857143,85.67073170731707
279,1631321,Sidy Cissoko,251,98,50,56.638,59,12,334,51.02040816326531,57.79387755102041,-6.7734693877550995,75.1497005988024
280,1628978,Donte DiVincenzo,802,177,89,101.026,81,1,835,50.282485875706215,57.076836158192094,-6.79435028248588,96.04790419161677
281,1631323,Simone Fontecchio,400,117,57,65.62,64,4,470,48.717948717948715,56.085470085470085,-7.36752136752137,85.1063829787234
282,1642347,Jamal Shead,467,222,92,111.41600000000001,75,5,504,41.44144144144144,50.18738738738739,-8.745945945945948,92.65873015873017
283,1630172,Patrick Williams,396,169,74,89.042,64,8,478,43.78698224852071,52.68757396449705,-8.90059171597634,82.84518828451883
284,1626220,Royce O'Neale,560,90,44,53.083999999999996,75,3,624,48.888888888888886,58.98222222222222,-10.093333333333334,89.74358974358974
285,1642883,Sion James,304,108,46,60.118,74,7,372,42.592592592592595,55.66481481481482,-13.072222222222223,81.72043010752688
